"id","query","suggested_labels","reviewed_labels","decision","reviewer_notes","source"
"synthetic-0001","Create 10 MCQs on fractions","assessment","assessment","approved","AI-reviewed template candidate; human review required before production deployment.","synthetic-review-required"
"synthetic-0002","Create 10 MCQs on quadratic equations","assessment","assessment","approved","AI-reviewed template candidate; human review required before production deployment.","synthetic-review-required"
"synthetic-0003","Create 10 MCQs on trigonometry","assessment","assessment","approved","AI-reviewed template candidate; human review required before production deployment.","synthetic-review-required"
"synthetic-0004","Create 10 MCQs on probability","assessment","assessment","approved","AI-reviewed template candidate; human review required before production deployment.","synthetic-review-required"
"synthetic-0005","Create 10 MCQs on photosynthesis","assessment","assessment","approved","AI-reviewed template candidate; human review required before production deployment.","synthetic-review-required"
"synthetic-0006","Create 10 MCQs on human digestion","assessment","assessment","approved","AI-reviewed template candidate; human review required before production deployment.","synthetic-review-required"
"synthetic-0007","Create 10 MCQs on Newton's laws","assessment","assessment","approved","AI-reviewed template candidate; human review required before production deployment.","synthetic-review-required"
"synthetic-0008","Create 10 MCQs on chemical bonding","assessment","assessment","approved","AI-reviewed template candidate; human review required before production deployment.","synthetic-review-required"
"synthetic-0009","Create 10 MCQs on Indian independence movement","assessment","assessment","approved","AI-reviewed template candidate; human review required before production deployment.","synthetic-review-required"
"synthetic-0010","Create 10 MCQs on Indian Constitution","assessment","assessment","approved","AI-reviewed template candidate; human review required before production deployment.","synthetic-review-required"
"synthetic-0011","Create 10 MCQs on climate change","assessment","assessment","approved","AI-reviewed template candidate; human review required before production deployment.","synthetic-review-required"
"synthetic-0012","Create 10 MCQs on maps and latitude","assessment","assessment","approved","AI-reviewed template candidate; human review required before production deployment.","synthetic-review-required"
"synthetic-0013","Create 10 MCQs on Hindi grammar","assessment","assessment","approved","AI-reviewed template candidate; human review required before production deployment.","synthetic-review-required"
"synthetic-0014","Create 10 MCQs on English essay writing","assessment","assessment","approved","AI-reviewed template candidate; human review required before production deployment.","synthetic-review-required"
"synthetic-0015","Create 10 MCQs on financial accounting","assessment","assessment","approved","AI-reviewed template candidate; human review required before production deployment.","synthetic-review-required"
"synthetic-0016","Create 10 MCQs on marketing fundamentals","assessment","assessment","approved","AI-reviewed template candidate; human review required before production deployment.","synthetic-review-required"
"synthetic-0017","Create 10 MCQs on data structures","assessment","assessment","approved","AI-reviewed template candidate; human review required before production deployment.","synthetic-review-required"
"synthetic-0018","Create 10 MCQs on DBMS normalization","assessment","assessment","approved","AI-reviewed template candidate; human review required before production deployment.","synthetic-review-required"
"synthetic-0019","Create 10 MCQs on computer networks","assessment","assessment","approved","AI-reviewed template candidate; human review required before production deployment.","synthetic-review-required"
"synthetic-0020","Create 10 MCQs on Python programming","assessment","assessment","approved","AI-reviewed template candidate; human review required before production deployment.","synthetic-review-required"
"synthetic-0021","Mujhe fractions par practice test do","assessment","assessment","approved","AI-reviewed template candidate; human review required before production deployment.","synthetic-review-required"
"synthetic-0022","Mujhe quadratic equations par practice test do","assessment","assessment","approved","AI-reviewed template candidate; human review required before production deployment.","synthetic-review-required"
"synthetic-0023","Mujhe trigonometry par practice test do","assessment","assessment","approved","AI-reviewed template candidate; human review required before production deployment.","synthetic-review-required"
"synthetic-0024","Mujhe probability par practice test do","assessment","assessment","approved","AI-reviewed template candidate; human review required before production deployment.","synthetic-review-required"
"synthetic-0025","Mujhe photosynthesis par practice test do","assessment","assessment","approved","AI-reviewed template candidate; human review required before production deployment.","synthetic-review-required"
"synthetic-0026","Mujhe human digestion par practice test do","assessment","assessment","approved","AI-reviewed template candidate; human review required before production deployment.","synthetic-review-required"
"synthetic-0027","Mujhe Newton's laws par practice test do","assessment","assessment","approved","AI-reviewed template candidate; human review required before production deployment.","synthetic-review-required"
"synthetic-0028","Mujhe chemical bonding par practice test do","assessment","assessment","approved","AI-reviewed template candidate; human review required before production deployment.","synthetic-review-required"
"synthetic-0029","Mujhe Indian independence movement par practice test do","assessment","assessment","approved","AI-reviewed template candidate; human review required before production deployment.","synthetic-review-required"
"synthetic-0030","Mujhe Indian Constitution par practice test do","assessment","assessment","approved","AI-reviewed template candidate; human review required before production deployment.","synthetic-review-required"
"synthetic-0031","Mujhe climate change par practice test do","assessment","assessment","approved","AI-reviewed template candidate; human review required before production deployment.","synthetic-review-required"
"synthetic-0032","Mujhe maps and latitude par practice test do","assessment","assessment","approved","AI-reviewed template candidate; human review required before production deployment.","synthetic-review-required"
"synthetic-0033","Mujhe Hindi grammar par practice test do","assessment","assessment","approved","AI-reviewed template candidate; human review required before production deployment.","synthetic-review-required"
"synthetic-0034","Mujhe English essay writing par practice test do","assessment","assessment","approved","AI-reviewed template candidate; human review required before production deployment.","synthetic-review-required"
"synthetic-0035","Mujhe financial accounting par practice test do","assessment","assessment","approved","AI-reviewed template candidate; human review required before production deployment.","synthetic-review-required"
"synthetic-0036","Mujhe marketing fundamentals par practice test do","assessment","assessment","approved","AI-reviewed template candidate; human review required before production deployment.","synthetic-review-required"
"synthetic-0037","Mujhe data structures par practice test do","assessment","assessment","approved","AI-reviewed template candidate; human review required before production deployment.","synthetic-review-required"
"synthetic-0038","Mujhe DBMS normalization par practice test do","assessment","assessment","approved","AI-reviewed template candidate; human review required before production deployment.","synthetic-review-required"
"synthetic-0039","Mujhe computer networks par practice test do","assessment","assessment","approved","AI-reviewed template candidate; human review required before production deployment.","synthetic-review-required"
"synthetic-0040","Mujhe Python programming par practice test do","assessment","assessment","approved","AI-reviewed template candidate; human review required before production deployment.","synthetic-review-required"
"synthetic-0041","Make a short quiz from fractions","assessment","assessment","approved","AI-reviewed template candidate; human review required before production deployment.","synthetic-review-required"
"synthetic-0042","Make a short quiz from quadratic equations","assessment","assessment","approved","AI-reviewed template candidate; human review required before production deployment.","synthetic-review-required"
"synthetic-0043","Make a short quiz from trigonometry","assessment","assessment","approved","AI-reviewed template candidate; human review required before production deployment.","synthetic-review-required"
"synthetic-0044","Make a short quiz from probability","assessment","assessment","approved","AI-reviewed template candidate; human review required before production deployment.","synthetic-review-required"
"synthetic-0045","Make a short quiz from photosynthesis","assessment","assessment","approved","AI-reviewed template candidate; human review required before production deployment.","synthetic-review-required"
"synthetic-0046","Make a short quiz from human digestion","assessment","assessment","approved","AI-reviewed template candidate; human review required before production deployment.","synthetic-review-required"
"synthetic-0047","Make a short quiz from Newton's laws","assessment","assessment","approved","AI-reviewed template candidate; human review required before production deployment.","synthetic-review-required"
"synthetic-0048","Make a short quiz from chemical bonding","assessment","assessment","approved","AI-reviewed template candidate; human review required before production deployment.","synthetic-review-required"
"synthetic-0049","Make a short quiz from Indian independence movement","assessment","assessment","approved","AI-reviewed template candidate; human review required before production deployment.","synthetic-review-required"
"synthetic-0050","Make a short quiz from Indian Constitution","assessment","assessment","approved","AI-reviewed template candidate; human review required before production deployment.","synthetic-review-required"
"synthetic-0051","Make a short quiz from climate change","assessment","assessment","approved","AI-reviewed template candidate; human review required before production deployment.","synthetic-review-required"
"synthetic-0052","Make a short quiz from maps and latitude","assessment","assessment","approved","AI-reviewed template candidate; human review required before production deployment.","synthetic-review-required"
"synthetic-0053","Make a short quiz from Hindi grammar","assessment","assessment","approved","AI-reviewed template candidate; human review required before production deployment.","synthetic-review-required"
"synthetic-0054","Make a short quiz from English essay writing","assessment","assessment","approved","AI-reviewed template candidate; human review required before production deployment.","synthetic-review-required"
"synthetic-0055","Make a short quiz from financial accounting","assessment","assessment","approved","AI-reviewed template candidate; human review required before production deployment.","synthetic-review-required"
"synthetic-0056","Make a short quiz from marketing fundamentals","assessment","assessment","approved","AI-reviewed template candidate; human review required before production deployment.","synthetic-review-required"
"synthetic-0057","Make a short quiz from data structures","assessment","assessment","approved","AI-reviewed template candidate; human review required before production deployment.","synthetic-review-required"
"synthetic-0058","Make a short quiz from DBMS normalization","assessment","assessment","approved","AI-reviewed template candidate; human review required before production deployment.","synthetic-review-required"
"synthetic-0059","Make a short quiz from computer networks","assessment","assessment","approved","AI-reviewed template candidate; human review required before production deployment.","synthetic-review-required"
"synthetic-0060","Make a short quiz from Python programming","assessment","assessment","approved","AI-reviewed template candidate; human review required before production deployment.","synthetic-review-required"
"synthetic-0061","fractions ke questions banao","assessment","assessment","approved","AI-reviewed template candidate; human review required before production deployment.","synthetic-review-required"
"synthetic-0062","quadratic equations ke questions banao","assessment","assessment","approved","AI-reviewed template candidate; human review required before production deployment.","synthetic-review-required"
"synthetic-0063","trigonometry ke questions banao","assessment","assessment","approved","AI-reviewed template candidate; human review required before production deployment.","synthetic-review-required"
"synthetic-0064","probability ke questions banao","assessment","assessment","approved","AI-reviewed template candidate; human review required before production deployment.","synthetic-review-required"
"synthetic-0065","photosynthesis ke questions banao","assessment","assessment","approved","AI-reviewed template candidate; human review required before production deployment.","synthetic-review-required"
"synthetic-0066","human digestion ke questions banao","assessment","assessment","approved","AI-reviewed template candidate; human review required before production deployment.","synthetic-review-required"
"synthetic-0067","Newton's laws ke questions banao","assessment","assessment","approved","AI-reviewed template candidate; human review required before production deployment.","synthetic-review-required"
"synthetic-0068","chemical bonding ke questions banao","assessment","assessment","approved","AI-reviewed template candidate; human review required before production deployment.","synthetic-review-required"
"synthetic-0069","Indian independence movement ke questions banao","assessment","assessment","approved","AI-reviewed template candidate; human review required before production deployment.","synthetic-review-required"
"synthetic-0070","Indian Constitution ke questions banao","assessment","assessment","approved","AI-reviewed template candidate; human review required before production deployment.","synthetic-review-required"
"synthetic-0071","climate change ke questions banao","assessment","assessment","approved","AI-reviewed template candidate; human review required before production deployment.","synthetic-review-required"
"synthetic-0072","maps and latitude ke questions banao","assessment","assessment","approved","AI-reviewed template candidate; human review required before production deployment.","synthetic-review-required"
"synthetic-0073","Hindi grammar ke questions banao","assessment","assessment","approved","AI-reviewed template candidate; human review required before production deployment.","synthetic-review-required"
"synthetic-0074","English essay writing ke questions banao","assessment","assessment","approved","AI-reviewed template candidate; human review required before production deployment.","synthetic-review-required"
"synthetic-0075","financial accounting ke questions banao","assessment","assessment","approved","AI-reviewed template candidate; human review required before production deployment.","synthetic-review-required"
"synthetic-0076","marketing fundamentals ke questions banao","assessment","assessment","approved","AI-reviewed template candidate; human review required before production deployment.","synthetic-review-required"
"synthetic-0077","data structures ke questions banao","assessment","assessment","approved","AI-reviewed template candidate; human review required before production deployment.","synthetic-review-required"
"synthetic-0078","DBMS normalization ke questions banao","assessment","assessment","approved","AI-reviewed template candidate; human review required before production deployment.","synthetic-review-required"
"synthetic-0079","computer networks ke questions banao","assessment","assessment","approved","AI-reviewed template candidate; human review required before production deployment.","synthetic-review-required"
"synthetic-0080","Python programming ke questions banao","assessment","assessment","approved","AI-reviewed template candidate; human review required before production deployment.","synthetic-review-required"
"synthetic-0081","Analyze my weak areas in fractions","personalization","personalization","approved","AI-reviewed template candidate; human review required before production deployment.","synthetic-review-required"
"synthetic-0082","Analyze my weak areas in quadratic equations","personalization","personalization","approved","AI-reviewed template candidate; human review required before production deployment.","synthetic-review-required"
"synthetic-0083","Analyze my weak areas in trigonometry","personalization","personalization","approved","AI-reviewed template candidate; human review required before production deployment.","synthetic-review-required"
"synthetic-0084","Analyze my weak areas in probability","personalization","personalization","approved","AI-reviewed template candidate; human review required before production deployment.","synthetic-review-required"
"synthetic-0085","Analyze my weak areas in photosynthesis","personalization","personalization","approved","AI-reviewed template candidate; human review required before production deployment.","synthetic-review-required"
"synthetic-0086","Analyze my weak areas in human digestion","personalization","personalization","approved","AI-reviewed template candidate; human review required before production deployment.","synthetic-review-required"
"synthetic-0087","Analyze my weak areas in Newton's laws","personalization","personalization","approved","AI-reviewed template candidate; human review required before production deployment.","synthetic-review-required"
"synthetic-0088","Analyze my weak areas in chemical bonding","personalization","personalization","approved","AI-reviewed template candidate; human review required before production deployment.","synthetic-review-required"
"synthetic-0089","Analyze my weak areas in Indian independence movement","personalization","personalization","approved","AI-reviewed template candidate; human review required before production deployment.","synthetic-review-required"
"synthetic-0090","Analyze my weak areas in Indian Constitution","personalization","personalization","approved","AI-reviewed template candidate; human review required before production deployment.","synthetic-review-required"
"synthetic-0091","Analyze my weak areas in climate change","personalization","personalization","approved","AI-reviewed template candidate; human review required before production deployment.","synthetic-review-required"
"synthetic-0092","Analyze my weak areas in maps and latitude","personalization","personalization","approved","AI-reviewed template candidate; human review required before production deployment.","synthetic-review-required"
"synthetic-0093","Analyze my weak areas in Hindi grammar","personalization","personalization","approved","AI-reviewed template candidate; human review required before production deployment.","synthetic-review-required"
"synthetic-0094","Analyze my weak areas in English essay writing","personalization","personalization","approved","AI-reviewed template candidate; human review required before production deployment.","synthetic-review-required"
"synthetic-0095","Analyze my weak areas in financial accounting","personalization","personalization","approved","AI-reviewed template candidate; human review required before production deployment.","synthetic-review-required"
"synthetic-0096","Analyze my weak areas in marketing fundamentals","personalization","personalization","approved","AI-reviewed template candidate; human review required before production deployment.","synthetic-review-required"
"synthetic-0097","Analyze my weak areas in data structures","personalization","personalization","approved","AI-reviewed template candidate; human review required before production deployment.","synthetic-review-required"
"synthetic-0098","Analyze my weak areas in DBMS normalization","personalization","personalization","approved","AI-reviewed template candidate; human review required before production deployment.","synthetic-review-required"
"synthetic-0099","Analyze my weak areas in computer networks","personalization","personalization","approved","AI-reviewed template candidate; human review required before production deployment.","synthetic-review-required"
"synthetic-0100","Analyze my weak areas in Python programming","personalization","personalization","approved","AI-reviewed template candidate; human review required before production deployment.","synthetic-review-required"
"synthetic-0101","Mere last score ke hisaab se fractions revise karvao","personalization","personalization","approved","AI-reviewed template candidate; human review required before production deployment.","synthetic-review-required"
"synthetic-0102","Mere last score ke hisaab se quadratic equations revise karvao","personalization","personalization","approved","AI-reviewed template candidate; human review required before production deployment.","synthetic-review-required"
"synthetic-0103","Mere last score ke hisaab se trigonometry revise karvao","personalization","personalization","approved","AI-reviewed template candidate; human review required before production deployment.","synthetic-review-required"
"synthetic-0104","Mere last score ke hisaab se probability revise karvao","personalization","personalization","approved","AI-reviewed template candidate; human review required before production deployment.","synthetic-review-required"
"synthetic-0105","Mere last score ke hisaab se photosynthesis revise karvao","personalization","personalization","approved","AI-reviewed template candidate; human review required before production deployment.","synthetic-review-required"
"synthetic-0106","Mere last score ke hisaab se human digestion revise karvao","personalization","personalization","approved","AI-reviewed template candidate; human review required before production deployment.","synthetic-review-required"
"synthetic-0107","Mere last score ke hisaab se Newton's laws revise karvao","personalization","personalization","approved","AI-reviewed template candidate; human review required before production deployment.","synthetic-review-required"
"synthetic-0108","Mere last score ke hisaab se chemical bonding revise karvao","personalization","personalization","approved","AI-reviewed template candidate; human review required before production deployment.","synthetic-review-required"
"synthetic-0109","Mere last score ke hisaab se Indian independence movement revise karvao","personalization","personalization","approved","AI-reviewed template candidate; human review required before production deployment.","synthetic-review-required"
"synthetic-0110","Mere last score ke hisaab se Indian Constitution revise karvao","personalization","personalization","approved","AI-reviewed template candidate; human review required before production deployment.","synthetic-review-required"
"synthetic-0111","Mere last score ke hisaab se climate change revise karvao","personalization","personalization","approved","AI-reviewed template candidate; human review required before production deployment.","synthetic-review-required"
"synthetic-0112","Mere last score ke hisaab se maps and latitude revise karvao","personalization","personalization","approved","AI-reviewed template candidate; human review required before production deployment.","synthetic-review-required"
"synthetic-0113","Mere last score ke hisaab se Hindi grammar revise karvao","personalization","personalization","approved","AI-reviewed template candidate; human review required before production deployment.","synthetic-review-required"
"synthetic-0114","Mere last score ke hisaab se English essay writing revise karvao","personalization","personalization","approved","AI-reviewed template candidate; human review required before production deployment.","synthetic-review-required"
"synthetic-0115","Mere last score ke hisaab se financial accounting revise karvao","personalization","personalization","approved","AI-reviewed template candidate; human review required before production deployment.","synthetic-review-required"
"synthetic-0116","Mere last score ke hisaab se marketing fundamentals revise karvao","personalization","personalization","approved","AI-reviewed template candidate; human review required before production deployment.","synthetic-review-required"
"synthetic-0117","Mere last score ke hisaab se data structures revise karvao","personalization","personalization","approved","AI-reviewed template candidate; human review required before production deployment.","synthetic-review-required"
"synthetic-0118","Mere last score ke hisaab se DBMS normalization revise karvao","personalization","personalization","approved","AI-reviewed template candidate; human review required before production deployment.","synthetic-review-required"
"synthetic-0119","Mere last score ke hisaab se computer networks revise karvao","personalization","personalization","approved","AI-reviewed template candidate; human review required before production deployment.","synthetic-review-required"
"synthetic-0120","Mere last score ke hisaab se Python programming revise karvao","personalization","personalization","approved","AI-reviewed template candidate; human review required before production deployment.","synthetic-review-required"
"synthetic-0121","Track my progress for fractions","personalization","personalization","approved","AI-reviewed template candidate; human review required before production deployment.","synthetic-review-required"
"synthetic-0122","Track my progress for quadratic equations","personalization","personalization","approved","AI-reviewed template candidate; human review required before production deployment.","synthetic-review-required"
"synthetic-0123","Track my progress for trigonometry","personalization","personalization","approved","AI-reviewed template candidate; human review required before production deployment.","synthetic-review-required"
"synthetic-0124","Track my progress for probability","personalization","personalization","approved","AI-reviewed template candidate; human review required before production deployment.","synthetic-review-required"
"synthetic-0125","Track my progress for photosynthesis","personalization","personalization","approved","AI-reviewed template candidate; human review required before production deployment.","synthetic-review-required"
"synthetic-0126","Track my progress for human digestion","personalization","personalization","approved","AI-reviewed template candidate; human review required before production deployment.","synthetic-review-required"
"synthetic-0127","Track my progress for Newton's laws","personalization","personalization","approved","AI-reviewed template candidate; human review required before production deployment.","synthetic-review-required"
"synthetic-0128","Track my progress for chemical bonding","personalization","personalization","approved","AI-reviewed template candidate; human review required before production deployment.","synthetic-review-required"
"synthetic-0129","Track my progress for Indian independence movement","personalization","personalization","approved","AI-reviewed template candidate; human review required before production deployment.","synthetic-review-required"
"synthetic-0130","Track my progress for Indian Constitution","personalization","personalization","approved","AI-reviewed template candidate; human review required before production deployment.","synthetic-review-required"
"synthetic-0131","Track my progress for climate change","personalization","personalization","approved","AI-reviewed template candidate; human review required before production deployment.","synthetic-review-required"
"synthetic-0132","Track my progress for maps and latitude","personalization","personalization","approved","AI-reviewed template candidate; human review required before production deployment.","synthetic-review-required"
"synthetic-0133","Track my progress for Hindi grammar","personalization","personalization","approved","AI-reviewed template candidate; human review required before production deployment.","synthetic-review-required"
"synthetic-0134","Track my progress for English essay writing","personalization","personalization","approved","AI-reviewed template candidate; human review required before production deployment.","synthetic-review-required"
"synthetic-0135","Track my progress for financial accounting","personalization","personalization","approved","AI-reviewed template candidate; human review required before production deployment.","synthetic-review-required"
"synthetic-0136","Track my progress for marketing fundamentals","personalization","personalization","approved","AI-reviewed template candidate; human review required before production deployment.","synthetic-review-required"
"synthetic-0137","Track my progress for data structures","personalization","personalization","approved","AI-reviewed template candidate; human review required before production deployment.","synthetic-review-required"
"synthetic-0138","Track my progress for DBMS normalization","personalization","personalization","approved","AI-reviewed template candidate; human review required before production deployment.","synthetic-review-required"
"synthetic-0139","Track my progress for computer networks","personalization","personalization","approved","AI-reviewed template candidate; human review required before production deployment.","synthetic-review-required"
"synthetic-0140","Track my progress for Python programming","personalization","personalization","approved","AI-reviewed template candidate; human review required before production deployment.","synthetic-review-required"
"synthetic-0141","Why am I weak in fractions?","personalization","personalization","approved","AI-reviewed template candidate; human review required before production deployment.","synthetic-review-required"
"synthetic-0142","Why am I weak in quadratic equations?","personalization","personalization","approved","AI-reviewed template candidate; human review required before production deployment.","synthetic-review-required"
"synthetic-0143","Why am I weak in trigonometry?","personalization","personalization","approved","AI-reviewed template candidate; human review required before production deployment.","synthetic-review-required"
"synthetic-0144","Why am I weak in probability?","personalization","personalization","approved","AI-reviewed template candidate; human review required before production deployment.","synthetic-review-required"
"synthetic-0145","Why am I weak in photosynthesis?","personalization","personalization","approved","AI-reviewed template candidate; human review required before production deployment.","synthetic-review-required"
"synthetic-0146","Why am I weak in human digestion?","personalization","personalization","approved","AI-reviewed template candidate; human review required before production deployment.","synthetic-review-required"
"synthetic-0147","Why am I weak in Newton's laws?","personalization","personalization","approved","AI-reviewed template candidate; human review required before production deployment.","synthetic-review-required"
"synthetic-0148","Why am I weak in chemical bonding?","personalization","personalization","approved","AI-reviewed template candidate; human review required before production deployment.","synthetic-review-required"
"synthetic-0149","Why am I weak in Indian independence movement?","personalization","personalization","approved","AI-reviewed template candidate; human review required before production deployment.","synthetic-review-required"
"synthetic-0150","Why am I weak in Indian Constitution?","personalization","personalization","approved","AI-reviewed template candidate; human review required before production deployment.","synthetic-review-required"
"synthetic-0151","Why am I weak in climate change?","personalization","personalization","approved","AI-reviewed template candidate; human review required before production deployment.","synthetic-review-required"
"synthetic-0152","Why am I weak in maps and latitude?","personalization","personalization","approved","AI-reviewed template candidate; human review required before production deployment.","synthetic-review-required"
"synthetic-0153","Why am I weak in Hindi grammar?","personalization","personalization","approved","AI-reviewed template candidate; human review required before production deployment.","synthetic-review-required"
"synthetic-0154","Why am I weak in English essay writing?","personalization","personalization","approved","AI-reviewed template candidate; human review required before production deployment.","synthetic-review-required"
"synthetic-0155","Why am I weak in financial accounting?","personalization","personalization","approved","AI-reviewed template candidate; human review required before production deployment.","synthetic-review-required"
"synthetic-0156","Why am I weak in marketing fundamentals?","personalization","personalization","approved","AI-reviewed template candidate; human review required before production deployment.","synthetic-review-required"
"synthetic-0157","Why am I weak in data structures?","personalization","personalization","approved","AI-reviewed template candidate; human review required before production deployment.","synthetic-review-required"
"synthetic-0158","Why am I weak in DBMS normalization?","personalization","personalization","approved","AI-reviewed template candidate; human review required before production deployment.","synthetic-review-required"
"synthetic-0159","Why am I weak in computer networks?","personalization","personalization","approved","AI-reviewed template candidate; human review required before production deployment.","synthetic-review-required"
"synthetic-0160","Why am I weak in Python programming?","personalization","personalization","approved","AI-reviewed template candidate; human review required before production deployment.","synthetic-review-required"
"synthetic-0161","Show my study notes for fractions","knowledge_retrieval","knowledge_retrieval","approved","AI-reviewed template candidate; human review required before production deployment.","synthetic-review-required"
"synthetic-0162","Show my study notes for quadratic equations","knowledge_retrieval","knowledge_retrieval","approved","AI-reviewed template candidate; human review required before production deployment.","synthetic-review-required"
"synthetic-0163","Show my study notes for trigonometry","knowledge_retrieval","knowledge_retrieval","approved","AI-reviewed template candidate; human review required before production deployment.","synthetic-review-required"
"synthetic-0164","Show my study notes for probability","knowledge_retrieval","knowledge_retrieval","approved","AI-reviewed template candidate; human review required before production deployment.","synthetic-review-required"
"synthetic-0165","Show my study notes for photosynthesis","knowledge_retrieval","knowledge_retrieval","approved","AI-reviewed template candidate; human review required before production deployment.","synthetic-review-required"
"synthetic-0166","Show my study notes for human digestion","knowledge_retrieval","knowledge_retrieval","approved","AI-reviewed template candidate; human review required before production deployment.","synthetic-review-required"
"synthetic-0167","Show my study notes for Newton's laws","knowledge_retrieval","knowledge_retrieval","approved","AI-reviewed template candidate; human review required before production deployment.","synthetic-review-required"
"synthetic-0168","Show my study notes for chemical bonding","knowledge_retrieval","knowledge_retrieval","approved","AI-reviewed template candidate; human review required before production deployment.","synthetic-review-required"
"synthetic-0169","Show my study notes for Indian independence movement","knowledge_retrieval","knowledge_retrieval","approved","AI-reviewed template candidate; human review required before production deployment.","synthetic-review-required"
"synthetic-0170","Show my study notes for Indian Constitution","knowledge_retrieval","knowledge_retrieval","approved","AI-reviewed template candidate; human review required before production deployment.","synthetic-review-required"
"synthetic-0171","Show my study notes for climate change","knowledge_retrieval","knowledge_retrieval","approved","AI-reviewed template candidate; human review required before production deployment.","synthetic-review-required"
"synthetic-0172","Show my study notes for maps and latitude","knowledge_retrieval","knowledge_retrieval","approved","AI-reviewed template candidate; human review required before production deployment.","synthetic-review-required"
"synthetic-0173","Show my study notes for Hindi grammar","knowledge_retrieval","knowledge_retrieval","approved","AI-reviewed template candidate; human review required before production deployment.","synthetic-review-required"
"synthetic-0174","Show my study notes for English essay writing","knowledge_retrieval","knowledge_retrieval","approved","AI-reviewed template candidate; human review required before production deployment.","synthetic-review-required"
"synthetic-0175","Show my study notes for financial accounting","knowledge_retrieval","knowledge_retrieval","approved","AI-reviewed template candidate; human review required before production deployment.","synthetic-review-required"
"synthetic-0176","Show my study notes for marketing fundamentals","knowledge_retrieval","knowledge_retrieval","approved","AI-reviewed template candidate; human review required before production deployment.","synthetic-review-required"
"synthetic-0177","Show my study notes for data structures","knowledge_retrieval","knowledge_retrieval","approved","AI-reviewed template candidate; human review required before production deployment.","synthetic-review-required"
"synthetic-0178","Show my study notes for DBMS normalization","knowledge_retrieval","knowledge_retrieval","approved","AI-reviewed template candidate; human review required before production deployment.","synthetic-review-required"
"synthetic-0179","Show my study notes for computer networks","knowledge_retrieval","knowledge_retrieval","approved","AI-reviewed template candidate; human review required before production deployment.","synthetic-review-required"
"synthetic-0180","Show my study notes for Python programming","knowledge_retrieval","knowledge_retrieval","approved","AI-reviewed template candidate; human review required before production deployment.","synthetic-review-required"
"synthetic-0181","Find fractions in my PDF","knowledge_retrieval","knowledge_retrieval","approved","AI-reviewed template candidate; human review required before production deployment.","synthetic-review-required"
"synthetic-0182","Find quadratic equations in my PDF","knowledge_retrieval","knowledge_retrieval","approved","AI-reviewed template candidate; human review required before production deployment.","synthetic-review-required"
"synthetic-0183","Find trigonometry in my PDF","knowledge_retrieval","knowledge_retrieval","approved","AI-reviewed template candidate; human review required before production deployment.","synthetic-review-required"
"synthetic-0184","Find probability in my PDF","knowledge_retrieval","knowledge_retrieval","approved","AI-reviewed template candidate; human review required before production deployment.","synthetic-review-required"
"synthetic-0185","Find photosynthesis in my PDF","knowledge_retrieval","knowledge_retrieval","approved","AI-reviewed template candidate; human review required before production deployment.","synthetic-review-required"
"synthetic-0186","Find human digestion in my PDF","knowledge_retrieval","knowledge_retrieval","approved","AI-reviewed template candidate; human review required before production deployment.","synthetic-review-required"
"synthetic-0187","Find Newton's laws in my PDF","knowledge_retrieval","knowledge_retrieval","approved","AI-reviewed template candidate; human review required before production deployment.","synthetic-review-required"
"synthetic-0188","Find chemical bonding in my PDF","knowledge_retrieval","knowledge_retrieval","approved","AI-reviewed template candidate; human review required before production deployment.","synthetic-review-required"
"synthetic-0189","Find Indian independence movement in my PDF","knowledge_retrieval","knowledge_retrieval","approved","AI-reviewed template candidate; human review required before production deployment.","synthetic-review-required"
"synthetic-0190","Find Indian Constitution in my PDF","knowledge_retrieval","knowledge_retrieval","approved","AI-reviewed template candidate; human review required before production deployment.","synthetic-review-required"
"synthetic-0191","Find climate change in my PDF","knowledge_retrieval","knowledge_retrieval","approved","AI-reviewed template candidate; human review required before production deployment.","synthetic-review-required"
"synthetic-0192","Find maps and latitude in my PDF","knowledge_retrieval","knowledge_retrieval","approved","AI-reviewed template candidate; human review required before production deployment.","synthetic-review-required"
"synthetic-0193","Find Hindi grammar in my PDF","knowledge_retrieval","knowledge_retrieval","approved","AI-reviewed template candidate; human review required before production deployment.","synthetic-review-required"
"synthetic-0194","Find English essay writing in my PDF","knowledge_retrieval","knowledge_retrieval","approved","AI-reviewed template candidate; human review required before production deployment.","synthetic-review-required"
"synthetic-0195","Find financial accounting in my PDF","knowledge_retrieval","knowledge_retrieval","approved","AI-reviewed template candidate; human review required before production deployment.","synthetic-review-required"
"synthetic-0196","Find marketing fundamentals in my PDF","knowledge_retrieval","knowledge_retrieval","approved","AI-reviewed template candidate; human review required before production deployment.","synthetic-review-required"
"synthetic-0197","Find data structures in my PDF","knowledge_retrieval","knowledge_retrieval","approved","AI-reviewed template candidate; human review required before production deployment.","synthetic-review-required"
"synthetic-0198","Find DBMS normalization in my PDF","knowledge_retrieval","knowledge_retrieval","approved","AI-reviewed template candidate; human review required before production deployment.","synthetic-review-required"
"synthetic-0199","Find computer networks in my PDF","knowledge_retrieval","knowledge_retrieval","approved","AI-reviewed template candidate; human review required before production deployment.","synthetic-review-required"
"synthetic-0200","Find Python programming in my PDF","knowledge_retrieval","knowledge_retrieval","approved","AI-reviewed template candidate; human review required before production deployment.","synthetic-review-required"
"synthetic-0201","Mere notes me fractions ka section kholo","knowledge_retrieval","knowledge_retrieval","approved","AI-reviewed template candidate; human review required before production deployment.","synthetic-review-required"
"synthetic-0202","Mere notes me quadratic equations ka section kholo","knowledge_retrieval","knowledge_retrieval","approved","AI-reviewed template candidate; human review required before production deployment.","synthetic-review-required"
"synthetic-0203","Mere notes me trigonometry ka section kholo","knowledge_retrieval","knowledge_retrieval","approved","AI-reviewed template candidate; human review required before production deployment.","synthetic-review-required"
"synthetic-0204","Mere notes me probability ka section kholo","knowledge_retrieval","knowledge_retrieval","approved","AI-reviewed template candidate; human review required before production deployment.","synthetic-review-required"
"synthetic-0205","Mere notes me photosynthesis ka section kholo","knowledge_retrieval","knowledge_retrieval","approved","AI-reviewed template candidate; human review required before production deployment.","synthetic-review-required"
"synthetic-0206","Mere notes me human digestion ka section kholo","knowledge_retrieval","knowledge_retrieval","approved","AI-reviewed template candidate; human review required before production deployment.","synthetic-review-required"
"synthetic-0207","Mere notes me Newton's laws ka section kholo","knowledge_retrieval","knowledge_retrieval","approved","AI-reviewed template candidate; human review required before production deployment.","synthetic-review-required"
"synthetic-0208","Mere notes me chemical bonding ka section kholo","knowledge_retrieval","knowledge_retrieval","approved","AI-reviewed template candidate; human review required before production deployment.","synthetic-review-required"
"synthetic-0209","Mere notes me Indian independence movement ka section kholo","knowledge_retrieval","knowledge_retrieval","approved","AI-reviewed template candidate; human review required before production deployment.","synthetic-review-required"
"synthetic-0210","Mere notes me Indian Constitution ka section kholo","knowledge_retrieval","knowledge_retrieval","approved","AI-reviewed template candidate; human review required before production deployment.","synthetic-review-required"
"synthetic-0211","Mere notes me climate change ka section kholo","knowledge_retrieval","knowledge_retrieval","approved","AI-reviewed template candidate; human review required before production deployment.","synthetic-review-required"
"synthetic-0212","Mere notes me maps and latitude ka section kholo","knowledge_retrieval","knowledge_retrieval","approved","AI-reviewed template candidate; human review required before production deployment.","synthetic-review-required"
"synthetic-0213","Mere notes me Hindi grammar ka section kholo","knowledge_retrieval","knowledge_retrieval","approved","AI-reviewed template candidate; human review required before production deployment.","synthetic-review-required"
"synthetic-0214","Mere notes me English essay writing ka section kholo","knowledge_retrieval","knowledge_retrieval","approved","AI-reviewed template candidate; human review required before production deployment.","synthetic-review-required"
"synthetic-0215","Mere notes me financial accounting ka section kholo","knowledge_retrieval","knowledge_retrieval","approved","AI-reviewed template candidate; human review required before production deployment.","synthetic-review-required"
"synthetic-0216","Mere notes me marketing fundamentals ka section kholo","knowledge_retrieval","knowledge_retrieval","approved","AI-reviewed template candidate; human review required before production deployment.","synthetic-review-required"
"synthetic-0217","Mere notes me data structures ka section kholo","knowledge_retrieval","knowledge_retrieval","approved","AI-reviewed template candidate; human review required before production deployment.","synthetic-review-required"
"synthetic-0218","Mere notes me DBMS normalization ka section kholo","knowledge_retrieval","knowledge_retrieval","approved","AI-reviewed template candidate; human review required before production deployment.","synthetic-review-required"
"synthetic-0219","Mere notes me computer networks ka section kholo","knowledge_retrieval","knowledge_retrieval","approved","AI-reviewed template candidate; human review required before production deployment.","synthetic-review-required"
"synthetic-0220","Mere notes me Python programming ka section kholo","knowledge_retrieval","knowledge_retrieval","approved","AI-reviewed template candidate; human review required before production deployment.","synthetic-review-required"
"synthetic-0221","Syllabus material for fractions dikhao","knowledge_retrieval","knowledge_retrieval","approved","AI-reviewed template candidate; human review required before production deployment.","synthetic-review-required"
"synthetic-0222","Syllabus material for quadratic equations dikhao","knowledge_retrieval","knowledge_retrieval","approved","AI-reviewed template candidate; human review required before production deployment.","synthetic-review-required"
"synthetic-0223","Syllabus material for trigonometry dikhao","knowledge_retrieval","knowledge_retrieval","approved","AI-reviewed template candidate; human review required before production deployment.","synthetic-review-required"
"synthetic-0224","Syllabus material for probability dikhao","knowledge_retrieval","knowledge_retrieval","approved","AI-reviewed template candidate; human review required before production deployment.","synthetic-review-required"
"synthetic-0225","Syllabus material for photosynthesis dikhao","knowledge_retrieval","knowledge_retrieval","approved","AI-reviewed template candidate; human review required before production deployment.","synthetic-review-required"
"synthetic-0226","Syllabus material for human digestion dikhao","knowledge_retrieval","knowledge_retrieval","approved","AI-reviewed template candidate; human review required before production deployment.","synthetic-review-required"
"synthetic-0227","Syllabus material for Newton's laws dikhao","knowledge_retrieval","knowledge_retrieval","approved","AI-reviewed template candidate; human review required before production deployment.","synthetic-review-required"
"synthetic-0228","Syllabus material for chemical bonding dikhao","knowledge_retrieval","knowledge_retrieval","approved","AI-reviewed template candidate; human review required before production deployment.","synthetic-review-required"
"synthetic-0229","Syllabus material for Indian independence movement dikhao","knowledge_retrieval","knowledge_retrieval","approved","AI-reviewed template candidate; human review required before production deployment.","synthetic-review-required"
"synthetic-0230","Syllabus material for Indian Constitution dikhao","knowledge_retrieval","knowledge_retrieval","approved","AI-reviewed template candidate; human review required before production deployment.","synthetic-review-required"
"synthetic-0231","Syllabus material for climate change dikhao","knowledge_retrieval","knowledge_retrieval","approved","AI-reviewed template candidate; human review required before production deployment.","synthetic-review-required"
"synthetic-0232","Syllabus material for maps and latitude dikhao","knowledge_retrieval","knowledge_retrieval","approved","AI-reviewed template candidate; human review required before production deployment.","synthetic-review-required"
"synthetic-0233","Syllabus material for Hindi grammar dikhao","knowledge_retrieval","knowledge_retrieval","approved","AI-reviewed template candidate; human review required before production deployment.","synthetic-review-required"
"synthetic-0234","Syllabus material for English essay writing dikhao","knowledge_retrieval","knowledge_retrieval","approved","AI-reviewed template candidate; human review required before production deployment.","synthetic-review-required"
"synthetic-0235","Syllabus material for financial accounting dikhao","knowledge_retrieval","knowledge_retrieval","approved","AI-reviewed template candidate; human review required before production deployment.","synthetic-review-required"
"synthetic-0236","Syllabus material for marketing fundamentals dikhao","knowledge_retrieval","knowledge_retrieval","approved","AI-reviewed template candidate; human review required before production deployment.","synthetic-review-required"
"synthetic-0237","Syllabus material for data structures dikhao","knowledge_retrieval","knowledge_retrieval","approved","AI-reviewed template candidate; human review required before production deployment.","synthetic-review-required"
"synthetic-0238","Syllabus material for DBMS normalization dikhao","knowledge_retrieval","knowledge_retrieval","approved","AI-reviewed template candidate; human review required before production deployment.","synthetic-review-required"
"synthetic-0239","Syllabus material for computer networks dikhao","knowledge_retrieval","knowledge_retrieval","approved","AI-reviewed template candidate; human review required before production deployment.","synthetic-review-required"
"synthetic-0240","Syllabus material for Python programming dikhao","knowledge_retrieval","knowledge_retrieval","approved","AI-reviewed template candidate; human review required before production deployment.","synthetic-review-required"
"synthetic-0241","Explain fractions in Hindi","language_support","language_support","approved","AI-reviewed template candidate; human review required before production deployment.","synthetic-review-required"
"synthetic-0242","Explain quadratic equations in Hindi","language_support","language_support","approved","AI-reviewed template candidate; human review required before production deployment.","synthetic-review-required"
"synthetic-0243","Explain trigonometry in Hindi","language_support","language_support","approved","AI-reviewed template candidate; human review required before production deployment.","synthetic-review-required"
"synthetic-0244","Explain probability in Hindi","language_support","language_support","approved","AI-reviewed template candidate; human review required before production deployment.","synthetic-review-required"
"synthetic-0245","Explain photosynthesis in Hindi","language_support","language_support","approved","AI-reviewed template candidate; human review required before production deployment.","synthetic-review-required"
"synthetic-0246","Explain human digestion in Hindi","language_support","language_support","approved","AI-reviewed template candidate; human review required before production deployment.","synthetic-review-required"
"synthetic-0247","Explain Newton's laws in Hindi","language_support","language_support","approved","AI-reviewed template candidate; human review required before production deployment.","synthetic-review-required"
"synthetic-0248","Explain chemical bonding in Hindi","language_support","language_support","approved","AI-reviewed template candidate; human review required before production deployment.","synthetic-review-required"
"synthetic-0249","Explain Indian independence movement in Hindi","language_support","language_support","approved","AI-reviewed template candidate; human review required before production deployment.","synthetic-review-required"
"synthetic-0250","Explain Indian Constitution in Hindi","language_support","language_support","approved","AI-reviewed template candidate; human review required before production deployment.","synthetic-review-required"
"synthetic-0251","Explain climate change in Hindi","language_support","language_support","approved","AI-reviewed template candidate; human review required before production deployment.","synthetic-review-required"
"synthetic-0252","Explain maps and latitude in Hindi","language_support","language_support","approved","AI-reviewed template candidate; human review required before production deployment.","synthetic-review-required"
"synthetic-0253","Explain Hindi grammar in Hindi","language_support","language_support","approved","AI-reviewed template candidate; human review required before production deployment.","synthetic-review-required"
"synthetic-0254","Explain English essay writing in Hindi","language_support","language_support","approved","AI-reviewed template candidate; human review required before production deployment.","synthetic-review-required"
"synthetic-0255","Explain financial accounting in Hindi","language_support","language_support","approved","AI-reviewed template candidate; human review required before production deployment.","synthetic-review-required"
"synthetic-0256","Explain marketing fundamentals in Hindi","language_support","language_support","approved","AI-reviewed template candidate; human review required before production deployment.","synthetic-review-required"
"synthetic-0257","Explain data structures in Hindi","language_support","language_support","approved","AI-reviewed template candidate; human review required before production deployment.","synthetic-review-required"
"synthetic-0258","Explain DBMS normalization in Hindi","language_support","language_support","approved","AI-reviewed template candidate; human review required before production deployment.","synthetic-review-required"
"synthetic-0259","Explain computer networks in Hindi","language_support","language_support","approved","AI-reviewed template candidate; human review required before production deployment.","synthetic-review-required"
"synthetic-0260","Explain Python programming in Hindi","language_support","language_support","approved","AI-reviewed template candidate; human review required before production deployment.","synthetic-review-required"
"synthetic-0261","fractions ko Hinglish me samjhao","language_support","language_support","approved","AI-reviewed template candidate; human review required before production deployment.","synthetic-review-required"
"synthetic-0262","quadratic equations ko Hinglish me samjhao","language_support","language_support","approved","AI-reviewed template candidate; human review required before production deployment.","synthetic-review-required"
"synthetic-0263","trigonometry ko Hinglish me samjhao","language_support","language_support","approved","AI-reviewed template candidate; human review required before production deployment.","synthetic-review-required"
"synthetic-0264","probability ko Hinglish me samjhao","language_support","language_support","approved","AI-reviewed template candidate; human review required before production deployment.","synthetic-review-required"
"synthetic-0265","photosynthesis ko Hinglish me samjhao","language_support","language_support","approved","AI-reviewed template candidate; human review required before production deployment.","synthetic-review-required"
"synthetic-0266","human digestion ko Hinglish me samjhao","language_support","language_support","approved","AI-reviewed template candidate; human review required before production deployment.","synthetic-review-required"
"synthetic-0267","Newton's laws ko Hinglish me samjhao","language_support","language_support","approved","AI-reviewed template candidate; human review required before production deployment.","synthetic-review-required"
"synthetic-0268","chemical bonding ko Hinglish me samjhao","language_support","language_support","approved","AI-reviewed template candidate; human review required before production deployment.","synthetic-review-required"
"synthetic-0269","Indian independence movement ko Hinglish me samjhao","language_support","language_support","approved","AI-reviewed template candidate; human review required before production deployment.","synthetic-review-required"
"synthetic-0270","Indian Constitution ko Hinglish me samjhao","language_support","language_support","approved","AI-reviewed template candidate; human review required before production deployment.","synthetic-review-required"
"synthetic-0271","climate change ko Hinglish me samjhao","language_support","language_support","approved","AI-reviewed template candidate; human review required before production deployment.","synthetic-review-required"
"synthetic-0272","maps and latitude ko Hinglish me samjhao","language_support","language_support","approved","AI-reviewed template candidate; human review required before production deployment.","synthetic-review-required"
"synthetic-0273","Hindi grammar ko Hinglish me samjhao","language_support","language_support","approved","AI-reviewed template candidate; human review required before production deployment.","synthetic-review-required"
"synthetic-0274","English essay writing ko Hinglish me samjhao","language_support","language_support","approved","AI-reviewed template candidate; human review required before production deployment.","synthetic-review-required"
"synthetic-0275","financial accounting ko Hinglish me samjhao","language_support","language_support","approved","AI-reviewed template candidate; human review required before production deployment.","synthetic-review-required"
"synthetic-0276","marketing fundamentals ko Hinglish me samjhao","language_support","language_support","approved","AI-reviewed template candidate; human review required before production deployment.","synthetic-review-required"
"synthetic-0277","data structures ko Hinglish me samjhao","language_support","language_support","approved","AI-reviewed template candidate; human review required before production deployment.","synthetic-review-required"
"synthetic-0278","DBMS normalization ko Hinglish me samjhao","language_support","language_support","approved","AI-reviewed template candidate; human review required before production deployment.","synthetic-review-required"
"synthetic-0279","computer networks ko Hinglish me samjhao","language_support","language_support","approved","AI-reviewed template candidate; human review required before production deployment.","synthetic-review-required"
"synthetic-0280","Python programming ko Hinglish me samjhao","language_support","language_support","approved","AI-reviewed template candidate; human review required before production deployment.","synthetic-review-required"
"synthetic-0281","Translate this fractions answer into English","language_support","language_support","approved","AI-reviewed template candidate; human review required before production deployment.","synthetic-review-required"
"synthetic-0282","Translate this quadratic equations answer into English","language_support","language_support","approved","AI-reviewed template candidate; human review required before production deployment.","synthetic-review-required"
"synthetic-0283","Translate this trigonometry answer into English","language_support","language_support","approved","AI-reviewed template candidate; human review required before production deployment.","synthetic-review-required"
"synthetic-0284","Translate this probability answer into English","language_support","language_support","approved","AI-reviewed template candidate; human review required before production deployment.","synthetic-review-required"
"synthetic-0285","Translate this photosynthesis answer into English","language_support","language_support","approved","AI-reviewed template candidate; human review required before production deployment.","synthetic-review-required"
"synthetic-0286","Translate this human digestion answer into English","language_support","language_support","approved","AI-reviewed template candidate; human review required before production deployment.","synthetic-review-required"
"synthetic-0287","Translate this Newton's laws answer into English","language_support","language_support","approved","AI-reviewed template candidate; human review required before production deployment.","synthetic-review-required"
"synthetic-0288","Translate this chemical bonding answer into English","language_support","language_support","approved","AI-reviewed template candidate; human review required before production deployment.","synthetic-review-required"
"synthetic-0289","Translate this Indian independence movement answer into English","language_support","language_support","approved","AI-reviewed template candidate; human review required before production deployment.","synthetic-review-required"
"synthetic-0290","Translate this Indian Constitution answer into English","language_support","language_support","approved","AI-reviewed template candidate; human review required before production deployment.","synthetic-review-required"
"synthetic-0291","Translate this climate change answer into English","language_support","language_support","approved","AI-reviewed template candidate; human review required before production deployment.","synthetic-review-required"
"synthetic-0292","Translate this maps and latitude answer into English","language_support","language_support","approved","AI-reviewed template candidate; human review required before production deployment.","synthetic-review-required"
"synthetic-0293","Translate this Hindi grammar answer into English","language_support","language_support","approved","AI-reviewed template candidate; human review required before production deployment.","synthetic-review-required"
"synthetic-0294","Translate this English essay writing answer into English","language_support","language_support","approved","AI-reviewed template candidate; human review required before production deployment.","synthetic-review-required"
"synthetic-0295","Translate this financial accounting answer into English","language_support","language_support","approved","AI-reviewed template candidate; human review required before production deployment.","synthetic-review-required"
"synthetic-0296","Translate this marketing fundamentals answer into English","language_support","language_support","approved","AI-reviewed template candidate; human review required before production deployment.","synthetic-review-required"
"synthetic-0297","Translate this data structures answer into English","language_support","language_support","approved","AI-reviewed template candidate; human review required before production deployment.","synthetic-review-required"
"synthetic-0298","Translate this DBMS normalization answer into English","language_support","language_support","approved","AI-reviewed template candidate; human review required before production deployment.","synthetic-review-required"
"synthetic-0299","Translate this computer networks answer into English","language_support","language_support","approved","AI-reviewed template candidate; human review required before production deployment.","synthetic-review-required"
"synthetic-0300","Translate this Python programming answer into English","language_support","language_support","approved","AI-reviewed template candidate; human review required before production deployment.","synthetic-review-required"
"synthetic-0301","fractions आसान भाषा में बताओ","language_support","language_support","approved","AI-reviewed template candidate; human review required before production deployment.","synthetic-review-required"
"synthetic-0302","quadratic equations आसान भाषा में बताओ","language_support","language_support","approved","AI-reviewed template candidate; human review required before production deployment.","synthetic-review-required"
"synthetic-0303","trigonometry आसान भाषा में बताओ","language_support","language_support","approved","AI-reviewed template candidate; human review required before production deployment.","synthetic-review-required"
"synthetic-0304","probability आसान भाषा में बताओ","language_support","language_support","approved","AI-reviewed template candidate; human review required before production deployment.","synthetic-review-required"
"synthetic-0305","photosynthesis आसान भाषा में बताओ","language_support","language_support","approved","AI-reviewed template candidate; human review required before production deployment.","synthetic-review-required"
"synthetic-0306","human digestion आसान भाषा में बताओ","language_support","language_support","approved","AI-reviewed template candidate; human review required before production deployment.","synthetic-review-required"
"synthetic-0307","Newton's laws आसान भाषा में बताओ","language_support","language_support","approved","AI-reviewed template candidate; human review required before production deployment.","synthetic-review-required"
"synthetic-0308","chemical bonding आसान भाषा में बताओ","language_support","language_support","approved","AI-reviewed template candidate; human review required before production deployment.","synthetic-review-required"
"synthetic-0309","Indian independence movement आसान भाषा में बताओ","language_support","language_support","approved","AI-reviewed template candidate; human review required before production deployment.","synthetic-review-required"
"synthetic-0310","Indian Constitution आसान भाषा में बताओ","language_support","language_support","approved","AI-reviewed template candidate; human review required before production deployment.","synthetic-review-required"
"synthetic-0311","climate change आसान भाषा में बताओ","language_support","language_support","approved","AI-reviewed template candidate; human review required before production deployment.","synthetic-review-required"
"synthetic-0312","maps and latitude आसान भाषा में बताओ","language_support","language_support","approved","AI-reviewed template candidate; human review required before production deployment.","synthetic-review-required"
"synthetic-0313","Hindi grammar आसान भाषा में बताओ","language_support","language_support","approved","AI-reviewed template candidate; human review required before production deployment.","synthetic-review-required"
"synthetic-0314","English essay writing आसान भाषा में बताओ","language_support","language_support","approved","AI-reviewed template candidate; human review required before production deployment.","synthetic-review-required"
"synthetic-0315","financial accounting आसान भाषा में बताओ","language_support","language_support","approved","AI-reviewed template candidate; human review required before production deployment.","synthetic-review-required"
"synthetic-0316","marketing fundamentals आसान भाषा में बताओ","language_support","language_support","approved","AI-reviewed template candidate; human review required before production deployment.","synthetic-review-required"
"synthetic-0317","data structures आसान भाषा में बताओ","language_support","language_support","approved","AI-reviewed template candidate; human review required before production deployment.","synthetic-review-required"
"synthetic-0318","DBMS normalization आसान भाषा में बताओ","language_support","language_support","approved","AI-reviewed template candidate; human review required before production deployment.","synthetic-review-required"
"synthetic-0319","computer networks आसान भाषा में बताओ","language_support","language_support","approved","AI-reviewed template candidate; human review required before production deployment.","synthetic-review-required"
"synthetic-0320","Python programming आसान भाषा में बताओ","language_support","language_support","approved","AI-reviewed template candidate; human review required before production deployment.","synthetic-review-required"
"synthetic-0321","Search latest official learning guidance about fractions","external_research","external_research","approved","AI-reviewed template candidate; human review required before production deployment.","synthetic-review-required"
"synthetic-0322","Search latest official learning guidance about quadratic equations","external_research","external_research","approved","AI-reviewed template candidate; human review required before production deployment.","synthetic-review-required"
"synthetic-0323","Search latest official learning guidance about trigonometry","external_research","external_research","approved","AI-reviewed template candidate; human review required before production deployment.","synthetic-review-required"
"synthetic-0324","Search latest official learning guidance about probability","external_research","external_research","approved","AI-reviewed template candidate; human review required before production deployment.","synthetic-review-required"
"synthetic-0325","Search latest official learning guidance about photosynthesis","external_research","external_research","approved","AI-reviewed template candidate; human review required before production deployment.","synthetic-review-required"
"synthetic-0326","Search latest official learning guidance about human digestion","external_research","external_research","approved","AI-reviewed template candidate; human review required before production deployment.","synthetic-review-required"
"synthetic-0327","Search latest official learning guidance about Newton's laws","external_research","external_research","approved","AI-reviewed template candidate; human review required before production deployment.","synthetic-review-required"
"synthetic-0328","Search latest official learning guidance about chemical bonding","external_research","external_research","approved","AI-reviewed template candidate; human review required before production deployment.","synthetic-review-required"
"synthetic-0329","Search latest official learning guidance about Indian independence movement","external_research","external_research","approved","AI-reviewed template candidate; human review required before production deployment.","synthetic-review-required"
"synthetic-0330","Search latest official learning guidance about Indian Constitution","external_research","external_research","approved","AI-reviewed template candidate; human review required before production deployment.","synthetic-review-required"
"synthetic-0331","Search latest official learning guidance about climate change","external_research","external_research","approved","AI-reviewed template candidate; human review required before production deployment.","synthetic-review-required"
"synthetic-0332","Search latest official learning guidance about maps and latitude","external_research","external_research","approved","AI-reviewed template candidate; human review required before production deployment.","synthetic-review-required"
"synthetic-0333","Search latest official learning guidance about Hindi grammar","external_research","external_research","approved","AI-reviewed template candidate; human review required before production deployment.","synthetic-review-required"
"synthetic-0334","Search latest official learning guidance about English essay writing","external_research","external_research","approved","AI-reviewed template candidate; human review required before production deployment.","synthetic-review-required"
"synthetic-0335","Search latest official learning guidance about financial accounting","external_research","external_research","approved","AI-reviewed template candidate; human review required before production deployment.","synthetic-review-required"
"synthetic-0336","Search latest official learning guidance about marketing fundamentals","external_research","external_research","approved","AI-reviewed template candidate; human review required before production deployment.","synthetic-review-required"
"synthetic-0337","Search latest official learning guidance about data structures","external_research","external_research","approved","AI-reviewed template candidate; human review required before production deployment.","synthetic-review-required"
"synthetic-0338","Search latest official learning guidance about DBMS normalization","external_research","external_research","approved","AI-reviewed template candidate; human review required before production deployment.","synthetic-review-required"
"synthetic-0339","Search latest official learning guidance about computer networks","external_research","external_research","approved","AI-reviewed template candidate; human review required before production deployment.","synthetic-review-required"
"synthetic-0340","Search latest official learning guidance about Python programming","external_research","external_research","approved","AI-reviewed template candidate; human review required before production deployment.","synthetic-review-required"
"synthetic-0341","Find current official information on fractions","external_research","external_research","approved","AI-reviewed template candidate; human review required before production deployment.","synthetic-review-required"
"synthetic-0342","Find current official information on quadratic equations","external_research","external_research","approved","AI-reviewed template candidate; human review required before production deployment.","synthetic-review-required"
"synthetic-0343","Find current official information on trigonometry","external_research","external_research","approved","AI-reviewed template candidate; human review required before production deployment.","synthetic-review-required"
"synthetic-0344","Find current official information on probability","external_research","external_research","approved","AI-reviewed template candidate; human review required before production deployment.","synthetic-review-required"
"synthetic-0345","Find current official information on photosynthesis","external_research","external_research","approved","AI-reviewed template candidate; human review required before production deployment.","synthetic-review-required"
"synthetic-0346","Find current official information on human digestion","external_research","external_research","approved","AI-reviewed template candidate; human review required before production deployment.","synthetic-review-required"
"synthetic-0347","Find current official information on Newton's laws","external_research","external_research","approved","AI-reviewed template candidate; human review required before production deployment.","synthetic-review-required"
"synthetic-0348","Find current official information on chemical bonding","external_research","external_research","approved","AI-reviewed template candidate; human review required before production deployment.","synthetic-review-required"
"synthetic-0349","Find current official information on Indian independence movement","external_research","external_research","approved","AI-reviewed template candidate; human review required before production deployment.","synthetic-review-required"
"synthetic-0350","Find current official information on Indian Constitution","external_research","external_research","approved","AI-reviewed template candidate; human review required before production deployment.","synthetic-review-required"
"synthetic-0351","Find current official information on climate change","external_research","external_research","approved","AI-reviewed template candidate; human review required before production deployment.","synthetic-review-required"
"synthetic-0352","Find current official information on maps and latitude","external_research","external_research","approved","AI-reviewed template candidate; human review required before production deployment.","synthetic-review-required"
"synthetic-0353","Find current official information on Hindi grammar","external_research","external_research","approved","AI-reviewed template candidate; human review required before production deployment.","synthetic-review-required"
"synthetic-0354","Find current official information on English essay writing","external_research","external_research","approved","AI-reviewed template candidate; human review required before production deployment.","synthetic-review-required"
"synthetic-0355","Find current official information on financial accounting","external_research","external_research","approved","AI-reviewed template candidate; human review required before production deployment.","synthetic-review-required"
"synthetic-0356","Find current official information on marketing fundamentals","external_research","external_research","approved","AI-reviewed template candidate; human review required before production deployment.","synthetic-review-required"
"synthetic-0357","Find current official information on data structures","external_research","external_research","approved","AI-reviewed template candidate; human review required before production deployment.","synthetic-review-required"
"synthetic-0358","Find current official information on DBMS normalization","external_research","external_research","approved","AI-reviewed template candidate; human review required before production deployment.","synthetic-review-required"
"synthetic-0359","Find current official information on computer networks","external_research","external_research","approved","AI-reviewed template candidate; human review required before production deployment.","synthetic-review-required"
"synthetic-0360","Find current official information on Python programming","external_research","external_research","approved","AI-reviewed template candidate; human review required before production deployment.","synthetic-review-required"
"synthetic-0361","Search recent educational research for fractions","external_research","external_research","approved","AI-reviewed template candidate; human review required before production deployment.","synthetic-review-required"
"synthetic-0362","Search recent educational research for quadratic equations","external_research","external_research","approved","AI-reviewed template candidate; human review required before production deployment.","synthetic-review-required"
"synthetic-0363","Search recent educational research for trigonometry","external_research","external_research","approved","AI-reviewed template candidate; human review required before production deployment.","synthetic-review-required"
"synthetic-0364","Search recent educational research for probability","external_research","external_research","approved","AI-reviewed template candidate; human review required before production deployment.","synthetic-review-required"
"synthetic-0365","Search recent educational research for photosynthesis","external_research","external_research","approved","AI-reviewed template candidate; human review required before production deployment.","synthetic-review-required"
"synthetic-0366","Search recent educational research for human digestion","external_research","external_research","approved","AI-reviewed template candidate; human review required before production deployment.","synthetic-review-required"
"synthetic-0367","Search recent educational research for Newton's laws","external_research","external_research","approved","AI-reviewed template candidate; human review required before production deployment.","synthetic-review-required"
"synthetic-0368","Search recent educational research for chemical bonding","external_research","external_research","approved","AI-reviewed template candidate; human review required before production deployment.","synthetic-review-required"
"synthetic-0369","Search recent educational research for Indian independence movement","external_research","external_research","approved","AI-reviewed template candidate; human review required before production deployment.","synthetic-review-required"
"synthetic-0370","Search recent educational research for Indian Constitution","external_research","external_research","approved","AI-reviewed template candidate; human review required before production deployment.","synthetic-review-required"
"synthetic-0371","Search recent educational research for climate change","external_research","external_research","approved","AI-reviewed template candidate; human review required before production deployment.","synthetic-review-required"
"synthetic-0372","Search recent educational research for maps and latitude","external_research","external_research","approved","AI-reviewed template candidate; human review required before production deployment.","synthetic-review-required"
"synthetic-0373","Search recent educational research for Hindi grammar","external_research","external_research","approved","AI-reviewed template candidate; human review required before production deployment.","synthetic-review-required"
"synthetic-0374","Search recent educational research for English essay writing","external_research","external_research","approved","AI-reviewed template candidate; human review required before production deployment.","synthetic-review-required"
"synthetic-0375","Search recent educational research for financial accounting","external_research","external_research","approved","AI-reviewed template candidate; human review required before production deployment.","synthetic-review-required"
"synthetic-0376","Search recent educational research for marketing fundamentals","external_research","external_research","approved","AI-reviewed template candidate; human review required before production deployment.","synthetic-review-required"
"synthetic-0377","Search recent educational research for data structures","external_research","external_research","approved","AI-reviewed template candidate; human review required before production deployment.","synthetic-review-required"
"synthetic-0378","Search recent educational research for DBMS normalization","external_research","external_research","approved","AI-reviewed template candidate; human review required before production deployment.","synthetic-review-required"
"synthetic-0379","Search recent educational research for computer networks","external_research","external_research","approved","AI-reviewed template candidate; human review required before production deployment.","synthetic-review-required"
"synthetic-0380","Search recent educational research for Python programming","external_research","external_research","approved","AI-reviewed template candidate; human review required before production deployment.","synthetic-review-required"
"synthetic-0381","Latest official updates on fractions check karo","external_research","external_research","approved","AI-reviewed template candidate; human review required before production deployment.","synthetic-review-required"
"synthetic-0382","Latest official updates on quadratic equations check karo","external_research","external_research","approved","AI-reviewed template candidate; human review required before production deployment.","synthetic-review-required"
"synthetic-0383","Latest official updates on trigonometry check karo","external_research","external_research","approved","AI-reviewed template candidate; human review required before production deployment.","synthetic-review-required"
"synthetic-0384","Latest official updates on probability check karo","external_research","external_research","approved","AI-reviewed template candidate; human review required before production deployment.","synthetic-review-required"
"synthetic-0385","Latest official updates on photosynthesis check karo","external_research","external_research","approved","AI-reviewed template candidate; human review required before production deployment.","synthetic-review-required"
"synthetic-0386","Latest official updates on human digestion check karo","external_research","external_research","approved","AI-reviewed template candidate; human review required before production deployment.","synthetic-review-required"
"synthetic-0387","Latest official updates on Newton's laws check karo","external_research","external_research","approved","AI-reviewed template candidate; human review required before production deployment.","synthetic-review-required"
"synthetic-0388","Latest official updates on chemical bonding check karo","external_research","external_research","approved","AI-reviewed template candidate; human review required before production deployment.","synthetic-review-required"
"synthetic-0389","Latest official updates on Indian independence movement check karo","external_research","external_research","approved","AI-reviewed template candidate; human review required before production deployment.","synthetic-review-required"
"synthetic-0390","Latest official updates on Indian Constitution check karo","external_research","external_research","approved","AI-reviewed template candidate; human review required before production deployment.","synthetic-review-required"
"synthetic-0391","Latest official updates on climate change check karo","external_research","external_research","approved","AI-reviewed template candidate; human review required before production deployment.","synthetic-review-required"
"synthetic-0392","Latest official updates on maps and latitude check karo","external_research","external_research","approved","AI-reviewed template candidate; human review required before production deployment.","synthetic-review-required"
"synthetic-0393","Latest official updates on Hindi grammar check karo","external_research","external_research","approved","AI-reviewed template candidate; human review required before production deployment.","synthetic-review-required"
"synthetic-0394","Latest official updates on English essay writing check karo","external_research","external_research","approved","AI-reviewed template candidate; human review required before production deployment.","synthetic-review-required"
"synthetic-0395","Latest official updates on financial accounting check karo","external_research","external_research","approved","AI-reviewed template candidate; human review required before production deployment.","synthetic-review-required"
"synthetic-0396","Latest official updates on marketing fundamentals check karo","external_research","external_research","approved","AI-reviewed template candidate; human review required before production deployment.","synthetic-review-required"
"synthetic-0397","Latest official updates on data structures check karo","external_research","external_research","approved","AI-reviewed template candidate; human review required before production deployment.","synthetic-review-required"
"synthetic-0398","Latest official updates on DBMS normalization check karo","external_research","external_research","approved","AI-reviewed template candidate; human review required before production deployment.","synthetic-review-required"
"synthetic-0399","Latest official updates on computer networks check karo","external_research","external_research","approved","AI-reviewed template candidate; human review required before production deployment.","synthetic-review-required"
"synthetic-0400","Latest official updates on Python programming check karo","external_research","external_research","approved","AI-reviewed template candidate; human review required before production deployment.","synthetic-review-required"
"synthetic-0401","Use my study notes to make a fractions quiz","assessment|knowledge_retrieval","assessment|knowledge_retrieval","approved","AI-reviewed template candidate; human review required before production deployment.","synthetic-review-required"
"synthetic-0402","Use my study notes to make a quadratic equations quiz","assessment|knowledge_retrieval","assessment|knowledge_retrieval","approved","AI-reviewed template candidate; human review required before production deployment.","synthetic-review-required"
"synthetic-0403","Use my study notes to make a trigonometry quiz","assessment|knowledge_retrieval","assessment|knowledge_retrieval","approved","AI-reviewed template candidate; human review required before production deployment.","synthetic-review-required"
"synthetic-0404","Use my study notes to make a probability quiz","assessment|knowledge_retrieval","assessment|knowledge_retrieval","approved","AI-reviewed template candidate; human review required before production deployment.","synthetic-review-required"
"synthetic-0405","Use my study notes to make a photosynthesis quiz","assessment|knowledge_retrieval","assessment|knowledge_retrieval","approved","AI-reviewed template candidate; human review required before production deployment.","synthetic-review-required"
"synthetic-0406","Use my study notes to make a human digestion quiz","assessment|knowledge_retrieval","assessment|knowledge_retrieval","approved","AI-reviewed template candidate; human review required before production deployment.","synthetic-review-required"
"synthetic-0407","Use my study notes to make a Newton's laws quiz","assessment|knowledge_retrieval","assessment|knowledge_retrieval","approved","AI-reviewed template candidate; human review required before production deployment.","synthetic-review-required"
"synthetic-0408","Use my study notes to make a chemical bonding quiz","assessment|knowledge_retrieval","assessment|knowledge_retrieval","approved","AI-reviewed template candidate; human review required before production deployment.","synthetic-review-required"
"synthetic-0409","Use my study notes to make a Indian independence movement quiz","assessment|knowledge_retrieval","assessment|knowledge_retrieval","approved","AI-reviewed template candidate; human review required before production deployment.","synthetic-review-required"
"synthetic-0410","Use my study notes to make a Indian Constitution quiz","assessment|knowledge_retrieval","assessment|knowledge_retrieval","approved","AI-reviewed template candidate; human review required before production deployment.","synthetic-review-required"
"synthetic-0411","Use my study notes to make a climate change quiz","assessment|knowledge_retrieval","assessment|knowledge_retrieval","approved","AI-reviewed template candidate; human review required before production deployment.","synthetic-review-required"
"synthetic-0412","Use my study notes to make a maps and latitude quiz","assessment|knowledge_retrieval","assessment|knowledge_retrieval","approved","AI-reviewed template candidate; human review required before production deployment.","synthetic-review-required"
"synthetic-0413","Use my study notes to make a Hindi grammar quiz","assessment|knowledge_retrieval","assessment|knowledge_retrieval","approved","AI-reviewed template candidate; human review required before production deployment.","synthetic-review-required"
"synthetic-0414","Use my study notes to make a English essay writing quiz","assessment|knowledge_retrieval","assessment|knowledge_retrieval","approved","AI-reviewed template candidate; human review required before production deployment.","synthetic-review-required"
"synthetic-0415","Use my study notes to make a financial accounting quiz","assessment|knowledge_retrieval","assessment|knowledge_retrieval","approved","AI-reviewed template candidate; human review required before production deployment.","synthetic-review-required"
"synthetic-0416","Use my study notes to make a marketing fundamentals quiz","assessment|knowledge_retrieval","assessment|knowledge_retrieval","approved","AI-reviewed template candidate; human review required before production deployment.","synthetic-review-required"
"synthetic-0417","Use my study notes to make a data structures quiz","assessment|knowledge_retrieval","assessment|knowledge_retrieval","approved","AI-reviewed template candidate; human review required before production deployment.","synthetic-review-required"
"synthetic-0418","Use my study notes to make a DBMS normalization quiz","assessment|knowledge_retrieval","assessment|knowledge_retrieval","approved","AI-reviewed template candidate; human review required before production deployment.","synthetic-review-required"
"synthetic-0419","Use my study notes to make a computer networks quiz","assessment|knowledge_retrieval","assessment|knowledge_retrieval","approved","AI-reviewed template candidate; human review required before production deployment.","synthetic-review-required"
"synthetic-0420","Use my study notes to make a Python programming quiz","assessment|knowledge_retrieval","assessment|knowledge_retrieval","approved","AI-reviewed template candidate; human review required before production deployment.","synthetic-review-required"
"synthetic-0421","fractions par Hindi test questions banao","assessment|language_support","assessment|language_support","approved","AI-reviewed template candidate; human review required before production deployment.","synthetic-review-required"
"synthetic-0422","quadratic equations par Hindi test questions banao","assessment|language_support","assessment|language_support","approved","AI-reviewed template candidate; human review required before production deployment.","synthetic-review-required"
"synthetic-0423","trigonometry par Hindi test questions banao","assessment|language_support","assessment|language_support","approved","AI-reviewed template candidate; human review required before production deployment.","synthetic-review-required"
"synthetic-0424","probability par Hindi test questions banao","assessment|language_support","assessment|language_support","approved","AI-reviewed template candidate; human review required before production deployment.","synthetic-review-required"
"synthetic-0425","photosynthesis par Hindi test questions banao","assessment|language_support","assessment|language_support","approved","AI-reviewed template candidate; human review required before production deployment.","synthetic-review-required"
"synthetic-0426","human digestion par Hindi test questions banao","assessment|language_support","assessment|language_support","approved","AI-reviewed template candidate; human review required before production deployment.","synthetic-review-required"
"synthetic-0427","Newton's laws par Hindi test questions banao","assessment|language_support","assessment|language_support","approved","AI-reviewed template candidate; human review required before production deployment.","synthetic-review-required"
"synthetic-0428","chemical bonding par Hindi test questions banao","assessment|language_support","assessment|language_support","approved","AI-reviewed template candidate; human review required before production deployment.","synthetic-review-required"
"synthetic-0429","Indian independence movement par Hindi test questions banao","assessment|language_support","assessment|language_support","approved","AI-reviewed template candidate; human review required before production deployment.","synthetic-review-required"
"synthetic-0430","Indian Constitution par Hindi test questions banao","assessment|language_support","assessment|language_support","approved","AI-reviewed template candidate; human review required before production deployment.","synthetic-review-required"
"synthetic-0431","climate change par Hindi test questions banao","assessment|language_support","assessment|language_support","approved","AI-reviewed template candidate; human review required before production deployment.","synthetic-review-required"
"synthetic-0432","maps and latitude par Hindi test questions banao","assessment|language_support","assessment|language_support","approved","AI-reviewed template candidate; human review required before production deployment.","synthetic-review-required"
"synthetic-0433","Hindi grammar par Hindi test questions banao","assessment|language_support","assessment|language_support","approved","AI-reviewed template candidate; human review required before production deployment.","synthetic-review-required"
"synthetic-0434","English essay writing par Hindi test questions banao","assessment|language_support","assessment|language_support","approved","AI-reviewed template candidate; human review required before production deployment.","synthetic-review-required"
"synthetic-0435","financial accounting par Hindi test questions banao","assessment|language_support","assessment|language_support","approved","AI-reviewed template candidate; human review required before production deployment.","synthetic-review-required"
"synthetic-0436","marketing fundamentals par Hindi test questions banao","assessment|language_support","assessment|language_support","approved","AI-reviewed template candidate; human review required before production deployment.","synthetic-review-required"
"synthetic-0437","data structures par Hindi test questions banao","assessment|language_support","assessment|language_support","approved","AI-reviewed template candidate; human review required before production deployment.","synthetic-review-required"
"synthetic-0438","DBMS normalization par Hindi test questions banao","assessment|language_support","assessment|language_support","approved","AI-reviewed template candidate; human review required before production deployment.","synthetic-review-required"
"synthetic-0439","computer networks par Hindi test questions banao","assessment|language_support","assessment|language_support","approved","AI-reviewed template candidate; human review required before production deployment.","synthetic-review-required"
"synthetic-0440","Python programming par Hindi test questions banao","assessment|language_support","assessment|language_support","approved","AI-reviewed template candidate; human review required before production deployment.","synthetic-review-required"
"synthetic-0441","My weak fractions areas se practice quiz banao","assessment|personalization","assessment|personalization","approved","AI-reviewed template candidate; human review required before production deployment.","synthetic-review-required"
"synthetic-0442","My weak quadratic equations areas se practice quiz banao","assessment|personalization","assessment|personalization","approved","AI-reviewed template candidate; human review required before production deployment.","synthetic-review-required"
"synthetic-0443","My weak trigonometry areas se practice quiz banao","assessment|personalization","assessment|personalization","approved","AI-reviewed template candidate; human review required before production deployment.","synthetic-review-required"
"synthetic-0444","My weak probability areas se practice quiz banao","assessment|personalization","assessment|personalization","approved","AI-reviewed template candidate; human review required before production deployment.","synthetic-review-required"
"synthetic-0445","My weak photosynthesis areas se practice quiz banao","assessment|personalization","assessment|personalization","approved","AI-reviewed template candidate; human review required before production deployment.","synthetic-review-required"
"synthetic-0446","My weak human digestion areas se practice quiz banao","assessment|personalization","assessment|personalization","approved","AI-reviewed template candidate; human review required before production deployment.","synthetic-review-required"
"synthetic-0447","My weak Newton's laws areas se practice quiz banao","assessment|personalization","assessment|personalization","approved","AI-reviewed template candidate; human review required before production deployment.","synthetic-review-required"
"synthetic-0448","My weak chemical bonding areas se practice quiz banao","assessment|personalization","assessment|personalization","approved","AI-reviewed template candidate; human review required before production deployment.","synthetic-review-required"
"synthetic-0449","My weak Indian independence movement areas se practice quiz banao","assessment|personalization","assessment|personalization","approved","AI-reviewed template candidate; human review required before production deployment.","synthetic-review-required"
"synthetic-0450","My weak Indian Constitution areas se practice quiz banao","assessment|personalization","assessment|personalization","approved","AI-reviewed template candidate; human review required before production deployment.","synthetic-review-required"
"synthetic-0451","My weak climate change areas se practice quiz banao","assessment|personalization","assessment|personalization","approved","AI-reviewed template candidate; human review required before production deployment.","synthetic-review-required"
"synthetic-0452","My weak maps and latitude areas se practice quiz banao","assessment|personalization","assessment|personalization","approved","AI-reviewed template candidate; human review required before production deployment.","synthetic-review-required"
"synthetic-0453","My weak Hindi grammar areas se practice quiz banao","assessment|personalization","assessment|personalization","approved","AI-reviewed template candidate; human review required before production deployment.","synthetic-review-required"
"synthetic-0454","My weak English essay writing areas se practice quiz banao","assessment|personalization","assessment|personalization","approved","AI-reviewed template candidate; human review required before production deployment.","synthetic-review-required"
"synthetic-0455","My weak financial accounting areas se practice quiz banao","assessment|personalization","assessment|personalization","approved","AI-reviewed template candidate; human review required before production deployment.","synthetic-review-required"
"synthetic-0456","My weak marketing fundamentals areas se practice quiz banao","assessment|personalization","assessment|personalization","approved","AI-reviewed template candidate; human review required before production deployment.","synthetic-review-required"
"synthetic-0457","My weak data structures areas se practice quiz banao","assessment|personalization","assessment|personalization","approved","AI-reviewed template candidate; human review required before production deployment.","synthetic-review-required"
"synthetic-0458","My weak DBMS normalization areas se practice quiz banao","assessment|personalization","assessment|personalization","approved","AI-reviewed template candidate; human review required before production deployment.","synthetic-review-required"
"synthetic-0459","My weak computer networks areas se practice quiz banao","assessment|personalization","assessment|personalization","approved","AI-reviewed template candidate; human review required before production deployment.","synthetic-review-required"
"synthetic-0460","My weak Python programming areas se practice quiz banao","assessment|personalization","assessment|personalization","approved","AI-reviewed template candidate; human review required before production deployment.","synthetic-review-required"
"synthetic-0461","Search current fractions guidelines and make a test","assessment|external_research","assessment|external_research","approved","AI-reviewed template candidate; human review required before production deployment.","synthetic-review-required"
"synthetic-0462","Search current quadratic equations guidelines and make a test","assessment|external_research","assessment|external_research","approved","AI-reviewed template candidate; human review required before production deployment.","synthetic-review-required"
"synthetic-0463","Search current trigonometry guidelines and make a test","assessment|external_research","assessment|external_research","approved","AI-reviewed template candidate; human review required before production deployment.","synthetic-review-required"
"synthetic-0464","Search current probability guidelines and make a test","assessment|external_research","assessment|external_research","approved","AI-reviewed template candidate; human review required before production deployment.","synthetic-review-required"
"synthetic-0465","Search current photosynthesis guidelines and make a test","assessment|external_research","assessment|external_research","approved","AI-reviewed template candidate; human review required before production deployment.","synthetic-review-required"
"synthetic-0466","Search current human digestion guidelines and make a test","assessment|external_research","assessment|external_research","approved","AI-reviewed template candidate; human review required before production deployment.","synthetic-review-required"
"synthetic-0467","Search current Newton's laws guidelines and make a test","assessment|external_research","assessment|external_research","approved","AI-reviewed template candidate; human review required before production deployment.","synthetic-review-required"
"synthetic-0468","Search current chemical bonding guidelines and make a test","assessment|external_research","assessment|external_research","approved","AI-reviewed template candidate; human review required before production deployment.","synthetic-review-required"
"synthetic-0469","Search current Indian independence movement guidelines and make a test","assessment|external_research","assessment|external_research","approved","AI-reviewed template candidate; human review required before production deployment.","synthetic-review-required"
"synthetic-0470","Search current Indian Constitution guidelines and make a test","assessment|external_research","assessment|external_research","approved","AI-reviewed template candidate; human review required before production deployment.","synthetic-review-required"
"synthetic-0471","Search current climate change guidelines and make a test","assessment|external_research","assessment|external_research","approved","AI-reviewed template candidate; human review required before production deployment.","synthetic-review-required"
"synthetic-0472","Search current maps and latitude guidelines and make a test","assessment|external_research","assessment|external_research","approved","AI-reviewed template candidate; human review required before production deployment.","synthetic-review-required"
"synthetic-0473","Search current Hindi grammar guidelines and make a test","assessment|external_research","assessment|external_research","approved","AI-reviewed template candidate; human review required before production deployment.","synthetic-review-required"
"synthetic-0474","Search current English essay writing guidelines and make a test","assessment|external_research","assessment|external_research","approved","AI-reviewed template candidate; human review required before production deployment.","synthetic-review-required"
"synthetic-0475","Search current financial accounting guidelines and make a test","assessment|external_research","assessment|external_research","approved","AI-reviewed template candidate; human review required before production deployment.","synthetic-review-required"
"synthetic-0476","Search current marketing fundamentals guidelines and make a test","assessment|external_research","assessment|external_research","approved","AI-reviewed template candidate; human review required before production deployment.","synthetic-review-required"
"synthetic-0477","Search current data structures guidelines and make a test","assessment|external_research","assessment|external_research","approved","AI-reviewed template candidate; human review required before production deployment.","synthetic-review-required"
"synthetic-0478","Search current DBMS normalization guidelines and make a test","assessment|external_research","assessment|external_research","approved","AI-reviewed template candidate; human review required before production deployment.","synthetic-review-required"
"synthetic-0479","Search current computer networks guidelines and make a test","assessment|external_research","assessment|external_research","approved","AI-reviewed template candidate; human review required before production deployment.","synthetic-review-required"
"synthetic-0480","Search current Python programming guidelines and make a test","assessment|external_research","assessment|external_research","approved","AI-reviewed template candidate; human review required before production deployment.","synthetic-review-required"
"synthetic-0481","My PDF se fractions Hinglish me samjhao","knowledge_retrieval|language_support","knowledge_retrieval|language_support","approved","AI-reviewed template candidate; human review required before production deployment.","synthetic-review-required"
"synthetic-0482","My PDF se quadratic equations Hinglish me samjhao","knowledge_retrieval|language_support","knowledge_retrieval|language_support","approved","AI-reviewed template candidate; human review required before production deployment.","synthetic-review-required"
"synthetic-0483","My PDF se trigonometry Hinglish me samjhao","knowledge_retrieval|language_support","knowledge_retrieval|language_support","approved","AI-reviewed template candidate; human review required before production deployment.","synthetic-review-required"
"synthetic-0484","My PDF se probability Hinglish me samjhao","knowledge_retrieval|language_support","knowledge_retrieval|language_support","approved","AI-reviewed template candidate; human review required before production deployment.","synthetic-review-required"
"synthetic-0485","My PDF se photosynthesis Hinglish me samjhao","knowledge_retrieval|language_support","knowledge_retrieval|language_support","approved","AI-reviewed template candidate; human review required before production deployment.","synthetic-review-required"
"synthetic-0486","My PDF se human digestion Hinglish me samjhao","knowledge_retrieval|language_support","knowledge_retrieval|language_support","approved","AI-reviewed template candidate; human review required before production deployment.","synthetic-review-required"
"synthetic-0487","My PDF se Newton's laws Hinglish me samjhao","knowledge_retrieval|language_support","knowledge_retrieval|language_support","approved","AI-reviewed template candidate; human review required before production deployment.","synthetic-review-required"
"synthetic-0488","My PDF se chemical bonding Hinglish me samjhao","knowledge_retrieval|language_support","knowledge_retrieval|language_support","approved","AI-reviewed template candidate; human review required before production deployment.","synthetic-review-required"
"synthetic-0489","My PDF se Indian independence movement Hinglish me samjhao","knowledge_retrieval|language_support","knowledge_retrieval|language_support","approved","AI-reviewed template candidate; human review required before production deployment.","synthetic-review-required"
"synthetic-0490","My PDF se Indian Constitution Hinglish me samjhao","knowledge_retrieval|language_support","knowledge_retrieval|language_support","approved","AI-reviewed template candidate; human review required before production deployment.","synthetic-review-required"
"synthetic-0491","My PDF se climate change Hinglish me samjhao","knowledge_retrieval|language_support","knowledge_retrieval|language_support","approved","AI-reviewed template candidate; human review required before production deployment.","synthetic-review-required"
"synthetic-0492","My PDF se maps and latitude Hinglish me samjhao","knowledge_retrieval|language_support","knowledge_retrieval|language_support","approved","AI-reviewed template candidate; human review required before production deployment.","synthetic-review-required"
"synthetic-0493","My PDF se Hindi grammar Hinglish me samjhao","knowledge_retrieval|language_support","knowledge_retrieval|language_support","approved","AI-reviewed template candidate; human review required before production deployment.","synthetic-review-required"
"synthetic-0494","My PDF se English essay writing Hinglish me samjhao","knowledge_retrieval|language_support","knowledge_retrieval|language_support","approved","AI-reviewed template candidate; human review required before production deployment.","synthetic-review-required"
"synthetic-0495","My PDF se financial accounting Hinglish me samjhao","knowledge_retrieval|language_support","knowledge_retrieval|language_support","approved","AI-reviewed template candidate; human review required before production deployment.","synthetic-review-required"
"synthetic-0496","My PDF se marketing fundamentals Hinglish me samjhao","knowledge_retrieval|language_support","knowledge_retrieval|language_support","approved","AI-reviewed template candidate; human review required before production deployment.","synthetic-review-required"
"synthetic-0497","My PDF se data structures Hinglish me samjhao","knowledge_retrieval|language_support","knowledge_retrieval|language_support","approved","AI-reviewed template candidate; human review required before production deployment.","synthetic-review-required"
"synthetic-0498","My PDF se DBMS normalization Hinglish me samjhao","knowledge_retrieval|language_support","knowledge_retrieval|language_support","approved","AI-reviewed template candidate; human review required before production deployment.","synthetic-review-required"
"synthetic-0499","My PDF se computer networks Hinglish me samjhao","knowledge_retrieval|language_support","knowledge_retrieval|language_support","approved","AI-reviewed template candidate; human review required before production deployment.","synthetic-review-required"
"synthetic-0500","My PDF se Python programming Hinglish me samjhao","knowledge_retrieval|language_support","knowledge_retrieval|language_support","approved","AI-reviewed template candidate; human review required before production deployment.","synthetic-review-required"
"synthetic-0501","Compare my fractions notes with latest official guidance","knowledge_retrieval|external_research","knowledge_retrieval|external_research","approved","AI-reviewed template candidate; human review required before production deployment.","synthetic-review-required"
"synthetic-0502","Compare my quadratic equations notes with latest official guidance","knowledge_retrieval|external_research","knowledge_retrieval|external_research","approved","AI-reviewed template candidate; human review required before production deployment.","synthetic-review-required"
"synthetic-0503","Compare my trigonometry notes with latest official guidance","knowledge_retrieval|external_research","knowledge_retrieval|external_research","approved","AI-reviewed template candidate; human review required before production deployment.","synthetic-review-required"
"synthetic-0504","Compare my probability notes with latest official guidance","knowledge_retrieval|external_research","knowledge_retrieval|external_research","approved","AI-reviewed template candidate; human review required before production deployment.","synthetic-review-required"
"synthetic-0505","Compare my photosynthesis notes with latest official guidance","knowledge_retrieval|external_research","knowledge_retrieval|external_research","approved","AI-reviewed template candidate; human review required before production deployment.","synthetic-review-required"
"synthetic-0506","Compare my human digestion notes with latest official guidance","knowledge_retrieval|external_research","knowledge_retrieval|external_research","approved","AI-reviewed template candidate; human review required before production deployment.","synthetic-review-required"
"synthetic-0507","Compare my Newton's laws notes with latest official guidance","knowledge_retrieval|external_research","knowledge_retrieval|external_research","approved","AI-reviewed template candidate; human review required before production deployment.","synthetic-review-required"
"synthetic-0508","Compare my chemical bonding notes with latest official guidance","knowledge_retrieval|external_research","knowledge_retrieval|external_research","approved","AI-reviewed template candidate; human review required before production deployment.","synthetic-review-required"
"synthetic-0509","Compare my Indian independence movement notes with latest official guidance","knowledge_retrieval|external_research","knowledge_retrieval|external_research","approved","AI-reviewed template candidate; human review required before production deployment.","synthetic-review-required"
"synthetic-0510","Compare my Indian Constitution notes with latest official guidance","knowledge_retrieval|external_research","knowledge_retrieval|external_research","approved","AI-reviewed template candidate; human review required before production deployment.","synthetic-review-required"
"synthetic-0511","Compare my climate change notes with latest official guidance","knowledge_retrieval|external_research","knowledge_retrieval|external_research","approved","AI-reviewed template candidate; human review required before production deployment.","synthetic-review-required"
"synthetic-0512","Compare my maps and latitude notes with latest official guidance","knowledge_retrieval|external_research","knowledge_retrieval|external_research","approved","AI-reviewed template candidate; human review required before production deployment.","synthetic-review-required"
"synthetic-0513","Compare my Hindi grammar notes with latest official guidance","knowledge_retrieval|external_research","knowledge_retrieval|external_research","approved","AI-reviewed template candidate; human review required before production deployment.","synthetic-review-required"
"synthetic-0514","Compare my English essay writing notes with latest official guidance","knowledge_retrieval|external_research","knowledge_retrieval|external_research","approved","AI-reviewed template candidate; human review required before production deployment.","synthetic-review-required"
"synthetic-0515","Compare my financial accounting notes with latest official guidance","knowledge_retrieval|external_research","knowledge_retrieval|external_research","approved","AI-reviewed template candidate; human review required before production deployment.","synthetic-review-required"
"synthetic-0516","Compare my marketing fundamentals notes with latest official guidance","knowledge_retrieval|external_research","knowledge_retrieval|external_research","approved","AI-reviewed template candidate; human review required before production deployment.","synthetic-review-required"
"synthetic-0517","Compare my data structures notes with latest official guidance","knowledge_retrieval|external_research","knowledge_retrieval|external_research","approved","AI-reviewed template candidate; human review required before production deployment.","synthetic-review-required"
"synthetic-0518","Compare my DBMS normalization notes with latest official guidance","knowledge_retrieval|external_research","knowledge_retrieval|external_research","approved","AI-reviewed template candidate; human review required before production deployment.","synthetic-review-required"
"synthetic-0519","Compare my computer networks notes with latest official guidance","knowledge_retrieval|external_research","knowledge_retrieval|external_research","approved","AI-reviewed template candidate; human review required before production deployment.","synthetic-review-required"
"synthetic-0520","Compare my Python programming notes with latest official guidance","knowledge_retrieval|external_research","knowledge_retrieval|external_research","approved","AI-reviewed template candidate; human review required before production deployment.","synthetic-review-required"
"synthetic-0521","Mere weak fractions concepts Hindi me explain karo","personalization|language_support","personalization|language_support","approved","AI-reviewed template candidate; human review required before production deployment.","synthetic-review-required"
"synthetic-0522","Mere weak quadratic equations concepts Hindi me explain karo","personalization|language_support","personalization|language_support","approved","AI-reviewed template candidate; human review required before production deployment.","synthetic-review-required"
"synthetic-0523","Mere weak trigonometry concepts Hindi me explain karo","personalization|language_support","personalization|language_support","approved","AI-reviewed template candidate; human review required before production deployment.","synthetic-review-required"
"synthetic-0524","Mere weak probability concepts Hindi me explain karo","personalization|language_support","personalization|language_support","approved","AI-reviewed template candidate; human review required before production deployment.","synthetic-review-required"
"synthetic-0525","Mere weak photosynthesis concepts Hindi me explain karo","personalization|language_support","personalization|language_support","approved","AI-reviewed template candidate; human review required before production deployment.","synthetic-review-required"
"synthetic-0526","Mere weak human digestion concepts Hindi me explain karo","personalization|language_support","personalization|language_support","approved","AI-reviewed template candidate; human review required before production deployment.","synthetic-review-required"
"synthetic-0527","Mere weak Newton's laws concepts Hindi me explain karo","personalization|language_support","personalization|language_support","approved","AI-reviewed template candidate; human review required before production deployment.","synthetic-review-required"
"synthetic-0528","Mere weak chemical bonding concepts Hindi me explain karo","personalization|language_support","personalization|language_support","approved","AI-reviewed template candidate; human review required before production deployment.","synthetic-review-required"
"synthetic-0529","Mere weak Indian independence movement concepts Hindi me explain karo","personalization|language_support","personalization|language_support","approved","AI-reviewed template candidate; human review required before production deployment.","synthetic-review-required"
"synthetic-0530","Mere weak Indian Constitution concepts Hindi me explain karo","personalization|language_support","personalization|language_support","approved","AI-reviewed template candidate; human review required before production deployment.","synthetic-review-required"
"synthetic-0531","Mere weak climate change concepts Hindi me explain karo","personalization|language_support","personalization|language_support","approved","AI-reviewed template candidate; human review required before production deployment.","synthetic-review-required"
"synthetic-0532","Mere weak maps and latitude concepts Hindi me explain karo","personalization|language_support","personalization|language_support","approved","AI-reviewed template candidate; human review required before production deployment.","synthetic-review-required"
"synthetic-0533","Mere weak Hindi grammar concepts Hindi me explain karo","personalization|language_support","personalization|language_support","approved","AI-reviewed template candidate; human review required before production deployment.","synthetic-review-required"
"synthetic-0534","Mere weak English essay writing concepts Hindi me explain karo","personalization|language_support","personalization|language_support","approved","AI-reviewed template candidate; human review required before production deployment.","synthetic-review-required"
"synthetic-0535","Mere weak financial accounting concepts Hindi me explain karo","personalization|language_support","personalization|language_support","approved","AI-reviewed template candidate; human review required before production deployment.","synthetic-review-required"
"synthetic-0536","Mere weak marketing fundamentals concepts Hindi me explain karo","personalization|language_support","personalization|language_support","approved","AI-reviewed template candidate; human review required before production deployment.","synthetic-review-required"
"synthetic-0537","Mere weak data structures concepts Hindi me explain karo","personalization|language_support","personalization|language_support","approved","AI-reviewed template candidate; human review required before production deployment.","synthetic-review-required"
"synthetic-0538","Mere weak DBMS normalization concepts Hindi me explain karo","personalization|language_support","personalization|language_support","approved","AI-reviewed template candidate; human review required before production deployment.","synthetic-review-required"
"synthetic-0539","Mere weak computer networks concepts Hindi me explain karo","personalization|language_support","personalization|language_support","approved","AI-reviewed template candidate; human review required before production deployment.","synthetic-review-required"
"synthetic-0540","Mere weak Python programming concepts Hindi me explain karo","personalization|language_support","personalization|language_support","approved","AI-reviewed template candidate; human review required before production deployment.","synthetic-review-required"
"synthetic-0541","My fractions progress ke liye latest study resources search karo","personalization|external_research","personalization|external_research","approved","AI-reviewed template candidate; human review required before production deployment.","synthetic-review-required"
"synthetic-0542","My quadratic equations progress ke liye latest study resources search karo","personalization|external_research","personalization|external_research","approved","AI-reviewed template candidate; human review required before production deployment.","synthetic-review-required"
"synthetic-0543","My trigonometry progress ke liye latest study resources search karo","personalization|external_research","personalization|external_research","approved","AI-reviewed template candidate; human review required before production deployment.","synthetic-review-required"
"synthetic-0544","My probability progress ke liye latest study resources search karo","personalization|external_research","personalization|external_research","approved","AI-reviewed template candidate; human review required before production deployment.","synthetic-review-required"
"synthetic-0545","My photosynthesis progress ke liye latest study resources search karo","personalization|external_research","personalization|external_research","approved","AI-reviewed template candidate; human review required before production deployment.","synthetic-review-required"
"synthetic-0546","My human digestion progress ke liye latest study resources search karo","personalization|external_research","personalization|external_research","approved","AI-reviewed template candidate; human review required before production deployment.","synthetic-review-required"
"synthetic-0547","My Newton's laws progress ke liye latest study resources search karo","personalization|external_research","personalization|external_research","approved","AI-reviewed template candidate; human review required before production deployment.","synthetic-review-required"
"synthetic-0548","My chemical bonding progress ke liye latest study resources search karo","personalization|external_research","personalization|external_research","approved","AI-reviewed template candidate; human review required before production deployment.","synthetic-review-required"
"synthetic-0549","My Indian independence movement progress ke liye latest study resources search karo","personalization|external_research","personalization|external_research","approved","AI-reviewed template candidate; human review required before production deployment.","synthetic-review-required"
"synthetic-0550","My Indian Constitution progress ke liye latest study resources search karo","personalization|external_research","personalization|external_research","approved","AI-reviewed template candidate; human review required before production deployment.","synthetic-review-required"
"synthetic-0551","My climate change progress ke liye latest study resources search karo","personalization|external_research","personalization|external_research","approved","AI-reviewed template candidate; human review required before production deployment.","synthetic-review-required"
"synthetic-0552","My maps and latitude progress ke liye latest study resources search karo","personalization|external_research","personalization|external_research","approved","AI-reviewed template candidate; human review required before production deployment.","synthetic-review-required"
"synthetic-0553","My Hindi grammar progress ke liye latest study resources search karo","personalization|external_research","personalization|external_research","approved","AI-reviewed template candidate; human review required before production deployment.","synthetic-review-required"
"synthetic-0554","My English essay writing progress ke liye latest study resources search karo","personalization|external_research","personalization|external_research","approved","AI-reviewed template candidate; human review required before production deployment.","synthetic-review-required"
"synthetic-0555","My financial accounting progress ke liye latest study resources search karo","personalization|external_research","personalization|external_research","approved","AI-reviewed template candidate; human review required before production deployment.","synthetic-review-required"
"synthetic-0556","My marketing fundamentals progress ke liye latest study resources search karo","personalization|external_research","personalization|external_research","approved","AI-reviewed template candidate; human review required before production deployment.","synthetic-review-required"
"synthetic-0557","My data structures progress ke liye latest study resources search karo","personalization|external_research","personalization|external_research","approved","AI-reviewed template candidate; human review required before production deployment.","synthetic-review-required"
"synthetic-0558","My DBMS normalization progress ke liye latest study resources search karo","personalization|external_research","personalization|external_research","approved","AI-reviewed template candidate; human review required before production deployment.","synthetic-review-required"
"synthetic-0559","My computer networks progress ke liye latest study resources search karo","personalization|external_research","personalization|external_research","approved","AI-reviewed template candidate; human review required before production deployment.","synthetic-review-required"
"synthetic-0560","My Python programming progress ke liye latest study resources search karo","personalization|external_research","personalization|external_research","approved","AI-reviewed template candidate; human review required before production deployment.","synthetic-review-required"
"synthetic-0561","Latest fractions updates Hindi me batao","language_support|external_research","language_support|external_research","approved","AI-reviewed template candidate; human review required before production deployment.","synthetic-review-required"
"synthetic-0562","Latest quadratic equations updates Hindi me batao","language_support|external_research","language_support|external_research","approved","AI-reviewed template candidate; human review required before production deployment.","synthetic-review-required"
"synthetic-0563","Latest trigonometry updates Hindi me batao","language_support|external_research","language_support|external_research","approved","AI-reviewed template candidate; human review required before production deployment.","synthetic-review-required"
"synthetic-0564","Latest probability updates Hindi me batao","language_support|external_research","language_support|external_research","approved","AI-reviewed template candidate; human review required before production deployment.","synthetic-review-required"
"synthetic-0565","Latest photosynthesis updates Hindi me batao","language_support|external_research","language_support|external_research","approved","AI-reviewed template candidate; human review required before production deployment.","synthetic-review-required"
"synthetic-0566","Latest human digestion updates Hindi me batao","language_support|external_research","language_support|external_research","approved","AI-reviewed template candidate; human review required before production deployment.","synthetic-review-required"
"synthetic-0567","Latest Newton's laws updates Hindi me batao","language_support|external_research","language_support|external_research","approved","AI-reviewed template candidate; human review required before production deployment.","synthetic-review-required"
"synthetic-0568","Latest chemical bonding updates Hindi me batao","language_support|external_research","language_support|external_research","approved","AI-reviewed template candidate; human review required before production deployment.","synthetic-review-required"
"synthetic-0569","Latest Indian independence movement updates Hindi me batao","language_support|external_research","language_support|external_research","approved","AI-reviewed template candidate; human review required before production deployment.","synthetic-review-required"
"synthetic-0570","Latest Indian Constitution updates Hindi me batao","language_support|external_research","language_support|external_research","approved","AI-reviewed template candidate; human review required before production deployment.","synthetic-review-required"
"synthetic-0571","Latest climate change updates Hindi me batao","language_support|external_research","language_support|external_research","approved","AI-reviewed template candidate; human review required before production deployment.","synthetic-review-required"
"synthetic-0572","Latest maps and latitude updates Hindi me batao","language_support|external_research","language_support|external_research","approved","AI-reviewed template candidate; human review required before production deployment.","synthetic-review-required"
"synthetic-0573","Latest Hindi grammar updates Hindi me batao","language_support|external_research","language_support|external_research","approved","AI-reviewed template candidate; human review required before production deployment.","synthetic-review-required"
"synthetic-0574","Latest English essay writing updates Hindi me batao","language_support|external_research","language_support|external_research","approved","AI-reviewed template candidate; human review required before production deployment.","synthetic-review-required"
"synthetic-0575","Latest financial accounting updates Hindi me batao","language_support|external_research","language_support|external_research","approved","AI-reviewed template candidate; human review required before production deployment.","synthetic-review-required"
"synthetic-0576","Latest marketing fundamentals updates Hindi me batao","language_support|external_research","language_support|external_research","approved","AI-reviewed template candidate; human review required before production deployment.","synthetic-review-required"
"synthetic-0577","Latest data structures updates Hindi me batao","language_support|external_research","language_support|external_research","approved","AI-reviewed template candidate; human review required before production deployment.","synthetic-review-required"
"synthetic-0578","Latest DBMS normalization updates Hindi me batao","language_support|external_research","language_support|external_research","approved","AI-reviewed template candidate; human review required before production deployment.","synthetic-review-required"
"synthetic-0579","Latest computer networks updates Hindi me batao","language_support|external_research","language_support|external_research","approved","AI-reviewed template candidate; human review required before production deployment.","synthetic-review-required"
"synthetic-0580","Latest Python programming updates Hindi me batao","language_support|external_research","language_support|external_research","approved","AI-reviewed template candidate; human review required before production deployment.","synthetic-review-required"
"synthetic-0581","My notes use karke fractions weak areas analyze karo","personalization|knowledge_retrieval","personalization|knowledge_retrieval","approved","AI-reviewed template candidate; human review required before production deployment.","synthetic-review-required"
"synthetic-0582","My notes use karke quadratic equations weak areas analyze karo","personalization|knowledge_retrieval","personalization|knowledge_retrieval","approved","AI-reviewed template candidate; human review required before production deployment.","synthetic-review-required"
"synthetic-0583","My notes use karke trigonometry weak areas analyze karo","personalization|knowledge_retrieval","personalization|knowledge_retrieval","approved","AI-reviewed template candidate; human review required before production deployment.","synthetic-review-required"
"synthetic-0584","My notes use karke probability weak areas analyze karo","personalization|knowledge_retrieval","personalization|knowledge_retrieval","approved","AI-reviewed template candidate; human review required before production deployment.","synthetic-review-required"
"synthetic-0585","My notes use karke photosynthesis weak areas analyze karo","personalization|knowledge_retrieval","personalization|knowledge_retrieval","approved","AI-reviewed template candidate; human review required before production deployment.","synthetic-review-required"
"synthetic-0586","My notes use karke human digestion weak areas analyze karo","personalization|knowledge_retrieval","personalization|knowledge_retrieval","approved","AI-reviewed template candidate; human review required before production deployment.","synthetic-review-required"
"synthetic-0587","My notes use karke Newton's laws weak areas analyze karo","personalization|knowledge_retrieval","personalization|knowledge_retrieval","approved","AI-reviewed template candidate; human review required before production deployment.","synthetic-review-required"
"synthetic-0588","My notes use karke chemical bonding weak areas analyze karo","personalization|knowledge_retrieval","personalization|knowledge_retrieval","approved","AI-reviewed template candidate; human review required before production deployment.","synthetic-review-required"
"synthetic-0589","My notes use karke Indian independence movement weak areas analyze karo","personalization|knowledge_retrieval","personalization|knowledge_retrieval","approved","AI-reviewed template candidate; human review required before production deployment.","synthetic-review-required"
"synthetic-0590","My notes use karke Indian Constitution weak areas analyze karo","personalization|knowledge_retrieval","personalization|knowledge_retrieval","approved","AI-reviewed template candidate; human review required before production deployment.","synthetic-review-required"
"synthetic-0591","My notes use karke climate change weak areas analyze karo","personalization|knowledge_retrieval","personalization|knowledge_retrieval","approved","AI-reviewed template candidate; human review required before production deployment.","synthetic-review-required"
"synthetic-0592","My notes use karke maps and latitude weak areas analyze karo","personalization|knowledge_retrieval","personalization|knowledge_retrieval","approved","AI-reviewed template candidate; human review required before production deployment.","synthetic-review-required"
"synthetic-0593","My notes use karke Hindi grammar weak areas analyze karo","personalization|knowledge_retrieval","personalization|knowledge_retrieval","approved","AI-reviewed template candidate; human review required before production deployment.","synthetic-review-required"
"synthetic-0594","My notes use karke English essay writing weak areas analyze karo","personalization|knowledge_retrieval","personalization|knowledge_retrieval","approved","AI-reviewed template candidate; human review required before production deployment.","synthetic-review-required"
"synthetic-0595","My notes use karke financial accounting weak areas analyze karo","personalization|knowledge_retrieval","personalization|knowledge_retrieval","approved","AI-reviewed template candidate; human review required before production deployment.","synthetic-review-required"
"synthetic-0596","My notes use karke marketing fundamentals weak areas analyze karo","personalization|knowledge_retrieval","personalization|knowledge_retrieval","approved","AI-reviewed template candidate; human review required before production deployment.","synthetic-review-required"
"synthetic-0597","My notes use karke data structures weak areas analyze karo","personalization|knowledge_retrieval","personalization|knowledge_retrieval","approved","AI-reviewed template candidate; human review required before production deployment.","synthetic-review-required"
"synthetic-0598","My notes use karke DBMS normalization weak areas analyze karo","personalization|knowledge_retrieval","personalization|knowledge_retrieval","approved","AI-reviewed template candidate; human review required before production deployment.","synthetic-review-required"
"synthetic-0599","My notes use karke computer networks weak areas analyze karo","personalization|knowledge_retrieval","personalization|knowledge_retrieval","approved","AI-reviewed template candidate; human review required before production deployment.","synthetic-review-required"
"synthetic-0600","My notes use karke Python programming weak areas analyze karo","personalization|knowledge_retrieval","personalization|knowledge_retrieval","approved","AI-reviewed template candidate; human review required before production deployment.","synthetic-review-required"
