learner_id,topic_id,question_id,is_correct,occurred_at,difficulty
synthetic-learner-001,indian-constitution,indian-constitution-q-01,0,2026-01-01T10:00:00.000Z,hard
synthetic-learner-001,hindi-grammar,hindi-grammar-q-02,1,2026-01-01T10:01:00.000Z,easy
synthetic-learner-001,photosynthesis,photosynthesis-q-03,0,2026-01-01T10:02:00.000Z,easy
synthetic-learner-001,indian-constitution,indian-constitution-q-04,0,2026-01-01T10:03:00.000Z,hard
synthetic-learner-001,python-programming,python-programming-q-05,0,2026-01-01T10:04:00.000Z,easy
synthetic-learner-001,python-programming,python-programming-q-06,0,2026-01-01T10:05:00.000Z,hard
synthetic-learner-001,hindi-grammar,hindi-grammar-q-07,1,2026-01-01T10:06:00.000Z,medium
synthetic-learner-001,indian-constitution,indian-constitution-q-08,0,2026-01-01T10:07:00.000Z,medium
synthetic-learner-001,photosynthesis,photosynthesis-q-09,0,2026-01-01T10:08:00.000Z,hard
synthetic-learner-001,photosynthesis,photosynthesis-q-10,1,2026-01-01T10:09:00.000Z,hard
synthetic-learner-001,hindi-grammar,hindi-grammar-q-11,1,2026-01-01T10:10:00.000Z,easy
synthetic-learner-001,algebra,algebra-q-12,1,2026-01-01T10:11:00.000Z,hard
synthetic-learner-001,newton-laws,newton-laws-q-01,0,2026-01-01T10:12:00.000Z,medium
synthetic-learner-001,fractions,fractions-q-02,0,2026-01-01T10:13:00.000Z,hard
synthetic-learner-001,fractions,fractions-q-03,1,2026-01-01T10:14:00.000Z,easy
synthetic-learner-001,fractions,fractions-q-04,0,2026-01-01T10:15:00.000Z,hard
synthetic-learner-001,indian-constitution,indian-constitution-q-05,0,2026-01-01T10:16:00.000Z,hard
synthetic-learner-001,hindi-grammar,hindi-grammar-q-06,1,2026-01-01T10:17:00.000Z,hard
synthetic-learner-001,indian-constitution,indian-constitution-q-07,0,2026-01-01T10:18:00.000Z,easy
synthetic-learner-001,newton-laws,newton-laws-q-08,0,2026-01-01T10:19:00.000Z,easy
synthetic-learner-001,newton-laws,newton-laws-q-09,0,2026-01-01T10:20:00.000Z,medium
synthetic-learner-001,hindi-grammar,hindi-grammar-q-10,0,2026-01-01T10:21:00.000Z,hard
synthetic-learner-001,newton-laws,newton-laws-q-11,1,2026-01-01T10:22:00.000Z,medium
synthetic-learner-001,fractions,fractions-q-12,0,2026-01-01T10:23:00.000Z,easy
synthetic-learner-001,photosynthesis,photosynthesis-q-01,1,2026-01-01T10:24:00.000Z,medium
synthetic-learner-001,fractions,fractions-q-02,0,2026-01-01T10:25:00.000Z,easy
synthetic-learner-001,hindi-grammar,hindi-grammar-q-03,1,2026-01-01T10:26:00.000Z,easy
synthetic-learner-001,algebra,algebra-q-04,1,2026-01-01T10:27:00.000Z,hard
synthetic-learner-002,fractions,fractions-q-01,0,2026-01-01T11:00:00.000Z,hard
synthetic-learner-002,financial-accounting,financial-accounting-q-02,1,2026-01-01T11:01:00.000Z,easy
synthetic-learner-002,fractions,fractions-q-03,1,2026-01-01T11:02:00.000Z,easy
synthetic-learner-002,algebra,algebra-q-04,0,2026-01-01T11:03:00.000Z,hard
synthetic-learner-002,newton-laws,newton-laws-q-05,0,2026-01-01T11:04:00.000Z,easy
synthetic-learner-002,financial-accounting,financial-accounting-q-06,1,2026-01-01T11:05:00.000Z,easy
synthetic-learner-002,hindi-grammar,hindi-grammar-q-07,1,2026-01-01T11:06:00.000Z,easy
synthetic-learner-002,indian-constitution,indian-constitution-q-08,1,2026-01-01T11:07:00.000Z,hard
synthetic-learner-002,algebra,algebra-q-09,1,2026-01-01T11:08:00.000Z,easy
synthetic-learner-002,photosynthesis,photosynthesis-q-10,1,2026-01-01T11:09:00.000Z,hard
synthetic-learner-002,hindi-grammar,hindi-grammar-q-11,1,2026-01-01T11:10:00.000Z,easy
synthetic-learner-002,indian-constitution,indian-constitution-q-12,1,2026-01-01T11:11:00.000Z,medium
synthetic-learner-002,algebra,algebra-q-01,1,2026-01-01T11:12:00.000Z,easy
synthetic-learner-002,financial-accounting,financial-accounting-q-02,0,2026-01-01T11:13:00.000Z,hard
synthetic-learner-002,fractions,fractions-q-03,1,2026-01-01T11:14:00.000Z,easy
synthetic-learner-002,fractions,fractions-q-04,1,2026-01-01T11:15:00.000Z,medium
synthetic-learner-002,financial-accounting,financial-accounting-q-05,1,2026-01-01T11:16:00.000Z,easy
synthetic-learner-002,photosynthesis,photosynthesis-q-06,0,2026-01-01T11:17:00.000Z,easy
synthetic-learner-002,newton-laws,newton-laws-q-07,0,2026-01-01T11:18:00.000Z,easy
synthetic-learner-002,python-programming,python-programming-q-08,1,2026-01-01T11:19:00.000Z,easy
synthetic-learner-002,python-programming,python-programming-q-09,0,2026-01-01T11:20:00.000Z,medium
synthetic-learner-002,indian-constitution,indian-constitution-q-10,0,2026-01-01T11:21:00.000Z,hard
synthetic-learner-002,financial-accounting,financial-accounting-q-11,1,2026-01-01T11:22:00.000Z,hard
synthetic-learner-002,newton-laws,newton-laws-q-12,0,2026-01-01T11:23:00.000Z,hard
synthetic-learner-002,newton-laws,newton-laws-q-01,1,2026-01-01T11:24:00.000Z,medium
synthetic-learner-002,python-programming,python-programming-q-02,1,2026-01-01T11:25:00.000Z,medium
synthetic-learner-002,fractions,fractions-q-03,0,2026-01-01T11:26:00.000Z,medium
synthetic-learner-002,financial-accounting,financial-accounting-q-04,1,2026-01-01T11:27:00.000Z,hard
synthetic-learner-003,algebra,algebra-q-01,0,2026-01-01T12:00:00.000Z,hard
synthetic-learner-003,fractions,fractions-q-02,0,2026-01-01T12:01:00.000Z,medium
synthetic-learner-003,python-programming,python-programming-q-03,0,2026-01-01T12:02:00.000Z,easy
synthetic-learner-003,photosynthesis,photosynthesis-q-04,0,2026-01-01T12:03:00.000Z,hard
synthetic-learner-003,algebra,algebra-q-05,0,2026-01-01T12:04:00.000Z,hard
synthetic-learner-003,hindi-grammar,hindi-grammar-q-06,0,2026-01-01T12:05:00.000Z,medium
synthetic-learner-003,newton-laws,newton-laws-q-07,0,2026-01-01T12:06:00.000Z,medium
synthetic-learner-003,newton-laws,newton-laws-q-08,0,2026-01-01T12:07:00.000Z,medium
synthetic-learner-003,fractions,fractions-q-09,0,2026-01-01T12:08:00.000Z,hard
synthetic-learner-003,hindi-grammar,hindi-grammar-q-10,0,2026-01-01T12:09:00.000Z,medium
synthetic-learner-003,algebra,algebra-q-11,0,2026-01-01T12:10:00.000Z,medium
synthetic-learner-003,photosynthesis,photosynthesis-q-12,0,2026-01-01T12:11:00.000Z,easy
synthetic-learner-003,photosynthesis,photosynthesis-q-01,0,2026-01-01T12:12:00.000Z,easy
synthetic-learner-003,fractions,fractions-q-02,1,2026-01-01T12:13:00.000Z,hard
synthetic-learner-003,financial-accounting,financial-accounting-q-03,1,2026-01-01T12:14:00.000Z,hard
synthetic-learner-003,python-programming,python-programming-q-04,1,2026-01-01T12:15:00.000Z,medium
synthetic-learner-003,indian-constitution,indian-constitution-q-05,0,2026-01-01T12:16:00.000Z,easy
synthetic-learner-003,indian-constitution,indian-constitution-q-06,0,2026-01-01T12:17:00.000Z,medium
synthetic-learner-003,python-programming,python-programming-q-07,0,2026-01-01T12:18:00.000Z,medium
synthetic-learner-003,fractions,fractions-q-08,0,2026-01-01T12:19:00.000Z,hard
synthetic-learner-003,indian-constitution,indian-constitution-q-09,0,2026-01-01T12:20:00.000Z,easy
synthetic-learner-003,hindi-grammar,hindi-grammar-q-10,0,2026-01-01T12:21:00.000Z,hard
synthetic-learner-003,financial-accounting,financial-accounting-q-11,0,2026-01-01T12:22:00.000Z,hard
synthetic-learner-003,algebra,algebra-q-12,0,2026-01-01T12:23:00.000Z,medium
synthetic-learner-003,indian-constitution,indian-constitution-q-01,0,2026-01-01T12:24:00.000Z,easy
synthetic-learner-003,python-programming,python-programming-q-02,1,2026-01-01T12:25:00.000Z,easy
synthetic-learner-003,fractions,fractions-q-03,0,2026-01-01T12:26:00.000Z,medium
synthetic-learner-003,financial-accounting,financial-accounting-q-04,1,2026-01-01T12:27:00.000Z,hard
synthetic-learner-004,hindi-grammar,hindi-grammar-q-01,0,2026-01-01T13:00:00.000Z,medium
synthetic-learner-004,financial-accounting,financial-accounting-q-02,0,2026-01-01T13:01:00.000Z,easy
synthetic-learner-004,python-programming,python-programming-q-03,0,2026-01-01T13:02:00.000Z,hard
synthetic-learner-004,algebra,algebra-q-04,1,2026-01-01T13:03:00.000Z,easy
synthetic-learner-004,algebra,algebra-q-05,0,2026-01-01T13:04:00.000Z,medium
synthetic-learner-004,fractions,fractions-q-06,0,2026-01-01T13:05:00.000Z,easy
synthetic-learner-004,financial-accounting,financial-accounting-q-07,1,2026-01-01T13:06:00.000Z,medium
synthetic-learner-004,financial-accounting,financial-accounting-q-08,1,2026-01-01T13:07:00.000Z,easy
synthetic-learner-004,photosynthesis,photosynthesis-q-09,0,2026-01-01T13:08:00.000Z,easy
synthetic-learner-004,newton-laws,newton-laws-q-10,0,2026-01-01T13:09:00.000Z,medium
synthetic-learner-004,hindi-grammar,hindi-grammar-q-11,0,2026-01-01T13:10:00.000Z,hard
synthetic-learner-004,financial-accounting,financial-accounting-q-12,0,2026-01-01T13:11:00.000Z,hard
synthetic-learner-004,photosynthesis,photosynthesis-q-01,0,2026-01-01T13:12:00.000Z,easy
synthetic-learner-004,newton-laws,newton-laws-q-02,0,2026-01-01T13:13:00.000Z,medium
synthetic-learner-004,newton-laws,newton-laws-q-03,0,2026-01-01T13:14:00.000Z,medium
synthetic-learner-004,hindi-grammar,hindi-grammar-q-04,0,2026-01-01T13:15:00.000Z,hard
synthetic-learner-004,fractions,fractions-q-05,0,2026-01-01T13:16:00.000Z,medium
synthetic-learner-004,algebra,algebra-q-06,0,2026-01-01T13:17:00.000Z,medium
synthetic-learner-004,financial-accounting,financial-accounting-q-07,0,2026-01-01T13:18:00.000Z,easy
synthetic-learner-004,newton-laws,newton-laws-q-08,0,2026-01-01T13:19:00.000Z,easy
synthetic-learner-004,algebra,algebra-q-09,1,2026-01-01T13:20:00.000Z,hard
synthetic-learner-004,newton-laws,newton-laws-q-10,1,2026-01-01T13:21:00.000Z,hard
synthetic-learner-004,algebra,algebra-q-11,0,2026-01-01T13:22:00.000Z,easy
synthetic-learner-004,indian-constitution,indian-constitution-q-12,0,2026-01-01T13:23:00.000Z,hard
synthetic-learner-004,python-programming,python-programming-q-01,1,2026-01-01T13:24:00.000Z,easy
synthetic-learner-004,photosynthesis,photosynthesis-q-02,0,2026-01-01T13:25:00.000Z,medium
synthetic-learner-004,algebra,algebra-q-03,0,2026-01-01T13:26:00.000Z,easy
synthetic-learner-004,financial-accounting,financial-accounting-q-04,1,2026-01-01T13:27:00.000Z,easy
synthetic-learner-005,financial-accounting,financial-accounting-q-01,0,2026-01-01T14:00:00.000Z,easy
synthetic-learner-005,algebra,algebra-q-02,1,2026-01-01T14:01:00.000Z,easy
synthetic-learner-005,hindi-grammar,hindi-grammar-q-03,1,2026-01-01T14:02:00.000Z,medium
synthetic-learner-005,fractions,fractions-q-04,0,2026-01-01T14:03:00.000Z,hard
synthetic-learner-005,python-programming,python-programming-q-05,0,2026-01-01T14:04:00.000Z,medium
synthetic-learner-005,indian-constitution,indian-constitution-q-06,0,2026-01-01T14:05:00.000Z,easy
synthetic-learner-005,hindi-grammar,hindi-grammar-q-07,0,2026-01-01T14:06:00.000Z,hard
synthetic-learner-005,python-programming,python-programming-q-08,0,2026-01-01T14:07:00.000Z,hard
synthetic-learner-005,python-programming,python-programming-q-09,0,2026-01-01T14:08:00.000Z,hard
synthetic-learner-005,photosynthesis,photosynthesis-q-10,0,2026-01-01T14:09:00.000Z,hard
synthetic-learner-005,financial-accounting,financial-accounting-q-11,1,2026-01-01T14:10:00.000Z,hard
synthetic-learner-005,financial-accounting,financial-accounting-q-12,0,2026-01-01T14:11:00.000Z,medium
synthetic-learner-005,algebra,algebra-q-01,1,2026-01-01T14:12:00.000Z,easy
synthetic-learner-005,financial-accounting,financial-accounting-q-02,0,2026-01-01T14:13:00.000Z,easy
synthetic-learner-005,newton-laws,newton-laws-q-03,0,2026-01-01T14:14:00.000Z,hard
synthetic-learner-005,hindi-grammar,hindi-grammar-q-04,1,2026-01-01T14:15:00.000Z,hard
synthetic-learner-005,fractions,fractions-q-05,0,2026-01-01T14:16:00.000Z,medium
synthetic-learner-005,newton-laws,newton-laws-q-06,1,2026-01-01T14:17:00.000Z,easy
synthetic-learner-005,indian-constitution,indian-constitution-q-07,0,2026-01-01T14:18:00.000Z,medium
synthetic-learner-005,algebra,algebra-q-08,1,2026-01-01T14:19:00.000Z,hard
synthetic-learner-005,indian-constitution,indian-constitution-q-09,0,2026-01-01T14:20:00.000Z,hard
synthetic-learner-005,newton-laws,newton-laws-q-10,0,2026-01-01T14:21:00.000Z,medium
synthetic-learner-005,newton-laws,newton-laws-q-11,0,2026-01-01T14:22:00.000Z,medium
synthetic-learner-005,indian-constitution,indian-constitution-q-12,0,2026-01-01T14:23:00.000Z,easy
synthetic-learner-005,photosynthesis,photosynthesis-q-01,0,2026-01-01T14:24:00.000Z,easy
synthetic-learner-005,financial-accounting,financial-accounting-q-02,0,2026-01-01T14:25:00.000Z,hard
synthetic-learner-005,newton-laws,newton-laws-q-03,0,2026-01-01T14:26:00.000Z,medium
synthetic-learner-005,python-programming,python-programming-q-04,0,2026-01-01T14:27:00.000Z,hard
synthetic-learner-006,indian-constitution,indian-constitution-q-01,1,2026-01-01T15:00:00.000Z,easy
synthetic-learner-006,financial-accounting,financial-accounting-q-02,0,2026-01-01T15:01:00.000Z,easy
synthetic-learner-006,fractions,fractions-q-03,0,2026-01-01T15:02:00.000Z,easy
synthetic-learner-006,python-programming,python-programming-q-04,0,2026-01-01T15:03:00.000Z,hard
synthetic-learner-006,financial-accounting,financial-accounting-q-05,0,2026-01-01T15:04:00.000Z,medium
synthetic-learner-006,hindi-grammar,hindi-grammar-q-06,1,2026-01-01T15:05:00.000Z,easy
synthetic-learner-006,python-programming,python-programming-q-07,1,2026-01-01T15:06:00.000Z,easy
synthetic-learner-006,indian-constitution,indian-constitution-q-08,0,2026-01-01T15:07:00.000Z,hard
synthetic-learner-006,algebra,algebra-q-09,0,2026-01-01T15:08:00.000Z,hard
synthetic-learner-006,indian-constitution,indian-constitution-q-10,1,2026-01-01T15:09:00.000Z,medium
synthetic-learner-006,newton-laws,newton-laws-q-11,0,2026-01-01T15:10:00.000Z,easy
synthetic-learner-006,newton-laws,newton-laws-q-12,0,2026-01-01T15:11:00.000Z,hard
synthetic-learner-006,algebra,algebra-q-01,0,2026-01-01T15:12:00.000Z,hard
synthetic-learner-006,algebra,algebra-q-02,1,2026-01-01T15:13:00.000Z,easy
synthetic-learner-006,newton-laws,newton-laws-q-03,0,2026-01-01T15:14:00.000Z,medium
synthetic-learner-006,fractions,fractions-q-04,0,2026-01-01T15:15:00.000Z,medium
synthetic-learner-006,photosynthesis,photosynthesis-q-05,0,2026-01-01T15:16:00.000Z,easy
synthetic-learner-006,fractions,fractions-q-06,0,2026-01-01T15:17:00.000Z,easy
synthetic-learner-006,indian-constitution,indian-constitution-q-07,1,2026-01-01T15:18:00.000Z,hard
synthetic-learner-006,indian-constitution,indian-constitution-q-08,1,2026-01-01T15:19:00.000Z,easy
synthetic-learner-006,newton-laws,newton-laws-q-09,0,2026-01-01T15:20:00.000Z,easy
synthetic-learner-006,fractions,fractions-q-10,1,2026-01-01T15:21:00.000Z,easy
synthetic-learner-006,photosynthesis,photosynthesis-q-11,0,2026-01-01T15:22:00.000Z,hard
synthetic-learner-006,newton-laws,newton-laws-q-12,0,2026-01-01T15:23:00.000Z,hard
synthetic-learner-006,financial-accounting,financial-accounting-q-01,0,2026-01-01T15:24:00.000Z,hard
synthetic-learner-006,python-programming,python-programming-q-02,0,2026-01-01T15:25:00.000Z,easy
synthetic-learner-006,newton-laws,newton-laws-q-03,0,2026-01-01T15:26:00.000Z,hard
synthetic-learner-006,python-programming,python-programming-q-04,1,2026-01-01T15:27:00.000Z,easy
synthetic-learner-007,algebra,algebra-q-01,1,2026-01-01T16:00:00.000Z,medium
synthetic-learner-007,fractions,fractions-q-02,0,2026-01-01T16:01:00.000Z,hard
synthetic-learner-007,fractions,fractions-q-03,1,2026-01-01T16:02:00.000Z,hard
synthetic-learner-007,indian-constitution,indian-constitution-q-04,1,2026-01-01T16:03:00.000Z,medium
synthetic-learner-007,fractions,fractions-q-05,0,2026-01-01T16:04:00.000Z,easy
synthetic-learner-007,financial-accounting,financial-accounting-q-06,0,2026-01-01T16:05:00.000Z,medium
synthetic-learner-007,algebra,algebra-q-07,1,2026-01-01T16:06:00.000Z,medium
synthetic-learner-007,newton-laws,newton-laws-q-08,0,2026-01-01T16:07:00.000Z,hard
synthetic-learner-007,financial-accounting,financial-accounting-q-09,1,2026-01-01T16:08:00.000Z,hard
synthetic-learner-007,python-programming,python-programming-q-10,1,2026-01-01T16:09:00.000Z,medium
synthetic-learner-007,indian-constitution,indian-constitution-q-11,0,2026-01-01T16:10:00.000Z,hard
synthetic-learner-007,algebra,algebra-q-12,1,2026-01-01T16:11:00.000Z,easy
synthetic-learner-007,photosynthesis,photosynthesis-q-01,0,2026-01-01T16:12:00.000Z,hard
synthetic-learner-007,photosynthesis,photosynthesis-q-02,0,2026-01-01T16:13:00.000Z,hard
synthetic-learner-007,algebra,algebra-q-03,1,2026-01-01T16:14:00.000Z,hard
synthetic-learner-007,financial-accounting,financial-accounting-q-04,1,2026-01-01T16:15:00.000Z,medium
synthetic-learner-007,fractions,fractions-q-05,0,2026-01-01T16:16:00.000Z,easy
synthetic-learner-007,python-programming,python-programming-q-06,0,2026-01-01T16:17:00.000Z,medium
synthetic-learner-007,newton-laws,newton-laws-q-07,0,2026-01-01T16:18:00.000Z,hard
synthetic-learner-007,photosynthesis,photosynthesis-q-08,0,2026-01-01T16:19:00.000Z,medium
synthetic-learner-007,photosynthesis,photosynthesis-q-09,0,2026-01-01T16:20:00.000Z,hard
synthetic-learner-007,algebra,algebra-q-10,0,2026-01-01T16:21:00.000Z,medium
synthetic-learner-007,financial-accounting,financial-accounting-q-11,1,2026-01-01T16:22:00.000Z,easy
synthetic-learner-007,newton-laws,newton-laws-q-12,0,2026-01-01T16:23:00.000Z,medium
synthetic-learner-007,algebra,algebra-q-01,1,2026-01-01T16:24:00.000Z,hard
synthetic-learner-007,python-programming,python-programming-q-02,0,2026-01-01T16:25:00.000Z,hard
synthetic-learner-007,hindi-grammar,hindi-grammar-q-03,1,2026-01-01T16:26:00.000Z,medium
synthetic-learner-007,algebra,algebra-q-04,1,2026-01-01T16:27:00.000Z,easy
synthetic-learner-008,hindi-grammar,hindi-grammar-q-01,1,2026-01-01T17:00:00.000Z,hard
synthetic-learner-008,financial-accounting,financial-accounting-q-02,0,2026-01-01T17:01:00.000Z,easy
synthetic-learner-008,indian-constitution,indian-constitution-q-03,0,2026-01-01T17:02:00.000Z,medium
synthetic-learner-008,financial-accounting,financial-accounting-q-04,1,2026-01-01T17:03:00.000Z,easy
synthetic-learner-008,algebra,algebra-q-05,1,2026-01-01T17:04:00.000Z,easy
synthetic-learner-008,hindi-grammar,hindi-grammar-q-06,0,2026-01-01T17:05:00.000Z,medium
synthetic-learner-008,algebra,algebra-q-07,1,2026-01-01T17:06:00.000Z,easy
synthetic-learner-008,newton-laws,newton-laws-q-08,0,2026-01-01T17:07:00.000Z,medium
synthetic-learner-008,algebra,algebra-q-09,1,2026-01-01T17:08:00.000Z,medium
synthetic-learner-008,algebra,algebra-q-10,0,2026-01-01T17:09:00.000Z,hard
synthetic-learner-008,newton-laws,newton-laws-q-11,0,2026-01-01T17:10:00.000Z,medium
synthetic-learner-008,photosynthesis,photosynthesis-q-12,0,2026-01-01T17:11:00.000Z,medium
synthetic-learner-008,photosynthesis,photosynthesis-q-01,0,2026-01-01T17:12:00.000Z,easy
synthetic-learner-008,algebra,algebra-q-02,1,2026-01-01T17:13:00.000Z,medium
synthetic-learner-008,hindi-grammar,hindi-grammar-q-03,1,2026-01-01T17:14:00.000Z,easy
synthetic-learner-008,hindi-grammar,hindi-grammar-q-04,1,2026-01-01T17:15:00.000Z,medium
synthetic-learner-008,algebra,algebra-q-05,1,2026-01-01T17:16:00.000Z,easy
synthetic-learner-008,algebra,algebra-q-06,1,2026-01-01T17:17:00.000Z,easy
synthetic-learner-008,fractions,fractions-q-07,0,2026-01-01T17:18:00.000Z,hard
synthetic-learner-008,python-programming,python-programming-q-08,0,2026-01-01T17:19:00.000Z,easy
synthetic-learner-008,financial-accounting,financial-accounting-q-09,0,2026-01-01T17:20:00.000Z,easy
synthetic-learner-008,python-programming,python-programming-q-10,0,2026-01-01T17:21:00.000Z,medium
synthetic-learner-008,financial-accounting,financial-accounting-q-11,0,2026-01-01T17:22:00.000Z,hard
synthetic-learner-008,fractions,fractions-q-12,0,2026-01-01T17:23:00.000Z,hard
synthetic-learner-008,newton-laws,newton-laws-q-01,1,2026-01-01T17:24:00.000Z,easy
synthetic-learner-008,algebra,algebra-q-02,0,2026-01-01T17:25:00.000Z,hard
synthetic-learner-008,hindi-grammar,hindi-grammar-q-03,0,2026-01-01T17:26:00.000Z,easy
synthetic-learner-008,algebra,algebra-q-04,1,2026-01-01T17:27:00.000Z,medium
synthetic-learner-009,financial-accounting,financial-accounting-q-01,0,2026-01-01T18:00:00.000Z,hard
synthetic-learner-009,hindi-grammar,hindi-grammar-q-02,0,2026-01-01T18:01:00.000Z,easy
synthetic-learner-009,algebra,algebra-q-03,1,2026-01-01T18:02:00.000Z,hard
synthetic-learner-009,fractions,fractions-q-04,0,2026-01-01T18:03:00.000Z,hard
synthetic-learner-009,python-programming,python-programming-q-05,0,2026-01-01T18:04:00.000Z,medium
synthetic-learner-009,algebra,algebra-q-06,0,2026-01-01T18:05:00.000Z,hard
synthetic-learner-009,algebra,algebra-q-07,1,2026-01-01T18:06:00.000Z,hard
synthetic-learner-009,indian-constitution,indian-constitution-q-08,0,2026-01-01T18:07:00.000Z,medium
synthetic-learner-009,photosynthesis,photosynthesis-q-09,0,2026-01-01T18:08:00.000Z,hard
synthetic-learner-009,hindi-grammar,hindi-grammar-q-10,1,2026-01-01T18:09:00.000Z,easy
synthetic-learner-009,fractions,fractions-q-11,1,2026-01-01T18:10:00.000Z,easy
synthetic-learner-009,financial-accounting,financial-accounting-q-12,0,2026-01-01T18:11:00.000Z,easy
synthetic-learner-009,photosynthesis,photosynthesis-q-01,0,2026-01-01T18:12:00.000Z,hard
synthetic-learner-009,indian-constitution,indian-constitution-q-02,1,2026-01-01T18:13:00.000Z,easy
synthetic-learner-009,algebra,algebra-q-03,1,2026-01-01T18:14:00.000Z,medium
synthetic-learner-009,indian-constitution,indian-constitution-q-04,1,2026-01-01T18:15:00.000Z,medium
synthetic-learner-009,indian-constitution,indian-constitution-q-05,0,2026-01-01T18:16:00.000Z,medium
synthetic-learner-009,newton-laws,newton-laws-q-06,1,2026-01-01T18:17:00.000Z,medium
synthetic-learner-009,hindi-grammar,hindi-grammar-q-07,0,2026-01-01T18:18:00.000Z,hard
synthetic-learner-009,fractions,fractions-q-08,0,2026-01-01T18:19:00.000Z,medium
synthetic-learner-009,hindi-grammar,hindi-grammar-q-09,1,2026-01-01T18:20:00.000Z,easy
synthetic-learner-009,newton-laws,newton-laws-q-10,0,2026-01-01T18:21:00.000Z,easy
synthetic-learner-009,photosynthesis,photosynthesis-q-11,0,2026-01-01T18:22:00.000Z,easy
synthetic-learner-009,fractions,fractions-q-12,0,2026-01-01T18:23:00.000Z,medium
synthetic-learner-009,python-programming,python-programming-q-01,1,2026-01-01T18:24:00.000Z,easy
synthetic-learner-009,fractions,fractions-q-02,0,2026-01-01T18:25:00.000Z,medium
synthetic-learner-009,hindi-grammar,hindi-grammar-q-03,0,2026-01-01T18:26:00.000Z,hard
synthetic-learner-009,algebra,algebra-q-04,1,2026-01-01T18:27:00.000Z,easy
synthetic-learner-010,indian-constitution,indian-constitution-q-01,1,2026-01-01T19:00:00.000Z,easy
synthetic-learner-010,algebra,algebra-q-02,0,2026-01-01T19:01:00.000Z,medium
synthetic-learner-010,hindi-grammar,hindi-grammar-q-03,1,2026-01-01T19:02:00.000Z,easy
synthetic-learner-010,algebra,algebra-q-04,1,2026-01-01T19:03:00.000Z,easy
synthetic-learner-010,hindi-grammar,hindi-grammar-q-05,1,2026-01-01T19:04:00.000Z,medium
synthetic-learner-010,fractions,fractions-q-06,0,2026-01-01T19:05:00.000Z,easy
synthetic-learner-010,python-programming,python-programming-q-07,0,2026-01-01T19:06:00.000Z,medium
synthetic-learner-010,newton-laws,newton-laws-q-08,1,2026-01-01T19:07:00.000Z,medium
synthetic-learner-010,python-programming,python-programming-q-09,1,2026-01-01T19:08:00.000Z,medium
synthetic-learner-010,financial-accounting,financial-accounting-q-10,0,2026-01-01T19:09:00.000Z,medium
synthetic-learner-010,financial-accounting,financial-accounting-q-11,0,2026-01-01T19:10:00.000Z,medium
synthetic-learner-010,hindi-grammar,hindi-grammar-q-12,1,2026-01-01T19:11:00.000Z,easy
synthetic-learner-010,algebra,algebra-q-01,1,2026-01-01T19:12:00.000Z,hard
synthetic-learner-010,indian-constitution,indian-constitution-q-02,0,2026-01-01T19:13:00.000Z,hard
synthetic-learner-010,algebra,algebra-q-03,0,2026-01-01T19:14:00.000Z,hard
synthetic-learner-010,hindi-grammar,hindi-grammar-q-04,0,2026-01-01T19:15:00.000Z,medium
synthetic-learner-010,indian-constitution,indian-constitution-q-05,1,2026-01-01T19:16:00.000Z,medium
synthetic-learner-010,photosynthesis,photosynthesis-q-06,1,2026-01-01T19:17:00.000Z,easy
synthetic-learner-010,photosynthesis,photosynthesis-q-07,0,2026-01-01T19:18:00.000Z,medium
synthetic-learner-010,algebra,algebra-q-08,0,2026-01-01T19:19:00.000Z,easy
synthetic-learner-010,hindi-grammar,hindi-grammar-q-09,0,2026-01-01T19:20:00.000Z,hard
synthetic-learner-010,financial-accounting,financial-accounting-q-10,1,2026-01-01T19:21:00.000Z,medium
synthetic-learner-010,newton-laws,newton-laws-q-11,1,2026-01-01T19:22:00.000Z,easy
synthetic-learner-010,financial-accounting,financial-accounting-q-12,0,2026-01-01T19:23:00.000Z,medium
synthetic-learner-010,algebra,algebra-q-01,1,2026-01-01T19:24:00.000Z,easy
synthetic-learner-010,algebra,algebra-q-02,1,2026-01-01T19:25:00.000Z,easy
synthetic-learner-010,algebra,algebra-q-03,0,2026-01-01T19:26:00.000Z,hard
synthetic-learner-010,indian-constitution,indian-constitution-q-04,1,2026-01-01T19:27:00.000Z,medium
synthetic-learner-011,financial-accounting,financial-accounting-q-01,1,2026-01-01T20:00:00.000Z,easy
synthetic-learner-011,financial-accounting,financial-accounting-q-02,1,2026-01-01T20:01:00.000Z,easy
synthetic-learner-011,hindi-grammar,hindi-grammar-q-03,0,2026-01-01T20:02:00.000Z,medium
synthetic-learner-011,python-programming,python-programming-q-04,0,2026-01-01T20:03:00.000Z,hard
synthetic-learner-011,indian-constitution,indian-constitution-q-05,1,2026-01-01T20:04:00.000Z,easy
synthetic-learner-011,indian-constitution,indian-constitution-q-06,1,2026-01-01T20:05:00.000Z,hard
synthetic-learner-011,newton-laws,newton-laws-q-07,0,2026-01-01T20:06:00.000Z,hard
synthetic-learner-011,python-programming,python-programming-q-08,1,2026-01-01T20:07:00.000Z,medium
synthetic-learner-011,python-programming,python-programming-q-09,0,2026-01-01T20:08:00.000Z,medium
synthetic-learner-011,financial-accounting,financial-accounting-q-10,1,2026-01-01T20:09:00.000Z,easy
synthetic-learner-011,newton-laws,newton-laws-q-11,0,2026-01-01T20:10:00.000Z,medium
synthetic-learner-011,indian-constitution,indian-constitution-q-12,0,2026-01-01T20:11:00.000Z,medium
synthetic-learner-011,financial-accounting,financial-accounting-q-01,0,2026-01-01T20:12:00.000Z,medium
synthetic-learner-011,algebra,algebra-q-02,1,2026-01-01T20:13:00.000Z,easy
synthetic-learner-011,fractions,fractions-q-03,0,2026-01-01T20:14:00.000Z,medium
synthetic-learner-011,python-programming,python-programming-q-04,1,2026-01-01T20:15:00.000Z,easy
synthetic-learner-011,financial-accounting,financial-accounting-q-05,0,2026-01-01T20:16:00.000Z,medium
synthetic-learner-011,newton-laws,newton-laws-q-06,1,2026-01-01T20:17:00.000Z,medium
synthetic-learner-011,newton-laws,newton-laws-q-07,0,2026-01-01T20:18:00.000Z,medium
synthetic-learner-011,photosynthesis,photosynthesis-q-08,1,2026-01-01T20:19:00.000Z,easy
synthetic-learner-011,fractions,fractions-q-09,1,2026-01-01T20:20:00.000Z,medium
synthetic-learner-011,indian-constitution,indian-constitution-q-10,1,2026-01-01T20:21:00.000Z,easy
synthetic-learner-011,python-programming,python-programming-q-11,1,2026-01-01T20:22:00.000Z,medium
synthetic-learner-011,python-programming,python-programming-q-12,1,2026-01-01T20:23:00.000Z,medium
synthetic-learner-011,hindi-grammar,hindi-grammar-q-01,0,2026-01-01T20:24:00.000Z,medium
synthetic-learner-011,fractions,fractions-q-02,0,2026-01-01T20:25:00.000Z,hard
synthetic-learner-011,newton-laws,newton-laws-q-03,0,2026-01-01T20:26:00.000Z,medium
synthetic-learner-011,financial-accounting,financial-accounting-q-04,0,2026-01-01T20:27:00.000Z,medium
synthetic-learner-012,fractions,fractions-q-01,0,2026-01-01T21:00:00.000Z,hard
synthetic-learner-012,financial-accounting,financial-accounting-q-02,1,2026-01-01T21:01:00.000Z,easy
synthetic-learner-012,fractions,fractions-q-03,0,2026-01-01T21:02:00.000Z,easy
synthetic-learner-012,fractions,fractions-q-04,0,2026-01-01T21:03:00.000Z,medium
synthetic-learner-012,newton-laws,newton-laws-q-05,0,2026-01-01T21:04:00.000Z,hard
synthetic-learner-012,hindi-grammar,hindi-grammar-q-06,1,2026-01-01T21:05:00.000Z,hard
synthetic-learner-012,hindi-grammar,hindi-grammar-q-07,1,2026-01-01T21:06:00.000Z,medium
synthetic-learner-012,indian-constitution,indian-constitution-q-08,0,2026-01-01T21:07:00.000Z,medium
synthetic-learner-012,algebra,algebra-q-09,1,2026-01-01T21:08:00.000Z,easy
synthetic-learner-012,hindi-grammar,hindi-grammar-q-10,1,2026-01-01T21:09:00.000Z,medium
synthetic-learner-012,newton-laws,newton-laws-q-11,0,2026-01-01T21:10:00.000Z,hard
synthetic-learner-012,fractions,fractions-q-12,0,2026-01-01T21:11:00.000Z,medium
synthetic-learner-012,indian-constitution,indian-constitution-q-01,0,2026-01-01T21:12:00.000Z,medium
synthetic-learner-012,algebra,algebra-q-02,1,2026-01-01T21:13:00.000Z,medium
synthetic-learner-012,newton-laws,newton-laws-q-03,0,2026-01-01T21:14:00.000Z,medium
synthetic-learner-012,financial-accounting,financial-accounting-q-04,0,2026-01-01T21:15:00.000Z,medium
synthetic-learner-012,python-programming,python-programming-q-05,0,2026-01-01T21:16:00.000Z,hard
synthetic-learner-012,hindi-grammar,hindi-grammar-q-06,0,2026-01-01T21:17:00.000Z,easy
synthetic-learner-012,fractions,fractions-q-07,1,2026-01-01T21:18:00.000Z,easy
synthetic-learner-012,fractions,fractions-q-08,0,2026-01-01T21:19:00.000Z,hard
synthetic-learner-012,hindi-grammar,hindi-grammar-q-09,0,2026-01-01T21:20:00.000Z,hard
synthetic-learner-012,python-programming,python-programming-q-10,0,2026-01-01T21:21:00.000Z,easy
synthetic-learner-012,hindi-grammar,hindi-grammar-q-11,1,2026-01-01T21:22:00.000Z,easy
synthetic-learner-012,python-programming,python-programming-q-12,1,2026-01-01T21:23:00.000Z,hard
synthetic-learner-012,fractions,fractions-q-01,0,2026-01-01T21:24:00.000Z,hard
synthetic-learner-012,algebra,algebra-q-02,1,2026-01-01T21:25:00.000Z,medium
synthetic-learner-012,hindi-grammar,hindi-grammar-q-03,0,2026-01-01T21:26:00.000Z,medium
synthetic-learner-012,photosynthesis,photosynthesis-q-04,0,2026-01-01T21:27:00.000Z,hard
synthetic-learner-013,indian-constitution,indian-constitution-q-01,0,2026-01-01T22:00:00.000Z,medium
synthetic-learner-013,hindi-grammar,hindi-grammar-q-02,1,2026-01-01T22:01:00.000Z,easy
synthetic-learner-013,algebra,algebra-q-03,0,2026-01-01T22:02:00.000Z,hard
synthetic-learner-013,indian-constitution,indian-constitution-q-04,0,2026-01-01T22:03:00.000Z,hard
synthetic-learner-013,algebra,algebra-q-05,0,2026-01-01T22:04:00.000Z,easy
synthetic-learner-013,fractions,fractions-q-06,1,2026-01-01T22:05:00.000Z,hard
synthetic-learner-013,photosynthesis,photosynthesis-q-07,1,2026-01-01T22:06:00.000Z,easy
synthetic-learner-013,indian-constitution,indian-constitution-q-08,0,2026-01-01T22:07:00.000Z,easy
synthetic-learner-013,algebra,algebra-q-09,0,2026-01-01T22:08:00.000Z,medium
synthetic-learner-013,hindi-grammar,hindi-grammar-q-10,0,2026-01-01T22:09:00.000Z,hard
synthetic-learner-013,algebra,algebra-q-11,0,2026-01-01T22:10:00.000Z,medium
synthetic-learner-013,hindi-grammar,hindi-grammar-q-12,1,2026-01-01T22:11:00.000Z,easy
synthetic-learner-013,algebra,algebra-q-01,0,2026-01-01T22:12:00.000Z,hard
synthetic-learner-013,newton-laws,newton-laws-q-02,0,2026-01-01T22:13:00.000Z,hard
synthetic-learner-013,indian-constitution,indian-constitution-q-03,0,2026-01-01T22:14:00.000Z,easy
synthetic-learner-013,python-programming,python-programming-q-04,1,2026-01-01T22:15:00.000Z,easy
synthetic-learner-013,photosynthesis,photosynthesis-q-05,0,2026-01-01T22:16:00.000Z,hard
synthetic-learner-013,photosynthesis,photosynthesis-q-06,0,2026-01-01T22:17:00.000Z,easy
synthetic-learner-013,photosynthesis,photosynthesis-q-07,0,2026-01-01T22:18:00.000Z,medium
synthetic-learner-013,financial-accounting,financial-accounting-q-08,1,2026-01-01T22:19:00.000Z,easy
synthetic-learner-013,newton-laws,newton-laws-q-09,0,2026-01-01T22:20:00.000Z,easy
synthetic-learner-013,financial-accounting,financial-accounting-q-10,0,2026-01-01T22:21:00.000Z,easy
synthetic-learner-013,indian-constitution,indian-constitution-q-11,0,2026-01-01T22:22:00.000Z,hard
synthetic-learner-013,financial-accounting,financial-accounting-q-12,0,2026-01-01T22:23:00.000Z,medium
synthetic-learner-013,algebra,algebra-q-01,0,2026-01-01T22:24:00.000Z,easy
synthetic-learner-013,newton-laws,newton-laws-q-02,0,2026-01-01T22:25:00.000Z,medium
synthetic-learner-013,financial-accounting,financial-accounting-q-03,1,2026-01-01T22:26:00.000Z,hard
synthetic-learner-013,newton-laws,newton-laws-q-04,0,2026-01-01T22:27:00.000Z,easy
synthetic-learner-014,fractions,fractions-q-01,0,2026-01-01T23:00:00.000Z,easy
synthetic-learner-014,financial-accounting,financial-accounting-q-02,1,2026-01-01T23:01:00.000Z,easy
synthetic-learner-014,indian-constitution,indian-constitution-q-03,1,2026-01-01T23:02:00.000Z,easy
synthetic-learner-014,newton-laws,newton-laws-q-04,0,2026-01-01T23:03:00.000Z,easy
synthetic-learner-014,newton-laws,newton-laws-q-05,0,2026-01-01T23:04:00.000Z,medium
synthetic-learner-014,newton-laws,newton-laws-q-06,1,2026-01-01T23:05:00.000Z,easy
synthetic-learner-014,python-programming,python-programming-q-07,0,2026-01-01T23:06:00.000Z,hard
synthetic-learner-014,newton-laws,newton-laws-q-08,1,2026-01-01T23:07:00.000Z,medium
synthetic-learner-014,algebra,algebra-q-09,1,2026-01-01T23:08:00.000Z,easy
synthetic-learner-014,financial-accounting,financial-accounting-q-10,1,2026-01-01T23:09:00.000Z,easy
synthetic-learner-014,financial-accounting,financial-accounting-q-11,1,2026-01-01T23:10:00.000Z,easy
synthetic-learner-014,photosynthesis,photosynthesis-q-12,0,2026-01-01T23:11:00.000Z,easy
synthetic-learner-014,newton-laws,newton-laws-q-01,1,2026-01-01T23:12:00.000Z,easy
synthetic-learner-014,financial-accounting,financial-accounting-q-02,1,2026-01-01T23:13:00.000Z,hard
synthetic-learner-014,algebra,algebra-q-03,1,2026-01-01T23:14:00.000Z,easy
synthetic-learner-014,algebra,algebra-q-04,0,2026-01-01T23:15:00.000Z,easy
synthetic-learner-014,photosynthesis,photosynthesis-q-05,1,2026-01-01T23:16:00.000Z,hard
synthetic-learner-014,newton-laws,newton-laws-q-06,1,2026-01-01T23:17:00.000Z,medium
synthetic-learner-014,indian-constitution,indian-constitution-q-07,1,2026-01-01T23:18:00.000Z,easy
synthetic-learner-014,algebra,algebra-q-08,1,2026-01-01T23:19:00.000Z,medium
synthetic-learner-014,newton-laws,newton-laws-q-09,0,2026-01-01T23:20:00.000Z,hard
synthetic-learner-014,indian-constitution,indian-constitution-q-10,1,2026-01-01T23:21:00.000Z,medium
synthetic-learner-014,fractions,fractions-q-11,1,2026-01-01T23:22:00.000Z,hard
synthetic-learner-014,financial-accounting,financial-accounting-q-12,0,2026-01-01T23:23:00.000Z,medium
synthetic-learner-014,python-programming,python-programming-q-01,0,2026-01-01T23:24:00.000Z,medium
synthetic-learner-014,photosynthesis,photosynthesis-q-02,0,2026-01-01T23:25:00.000Z,hard
synthetic-learner-014,newton-laws,newton-laws-q-03,1,2026-01-01T23:26:00.000Z,easy
synthetic-learner-014,photosynthesis,photosynthesis-q-04,1,2026-01-01T23:27:00.000Z,hard
synthetic-learner-015,financial-accounting,financial-accounting-q-01,0,2026-01-02T00:00:00.000Z,hard
synthetic-learner-015,hindi-grammar,hindi-grammar-q-02,1,2026-01-02T00:01:00.000Z,easy
synthetic-learner-015,hindi-grammar,hindi-grammar-q-03,1,2026-01-02T00:02:00.000Z,hard
synthetic-learner-015,newton-laws,newton-laws-q-04,0,2026-01-02T00:03:00.000Z,hard
synthetic-learner-015,hindi-grammar,hindi-grammar-q-05,0,2026-01-02T00:04:00.000Z,easy
synthetic-learner-015,fractions,fractions-q-06,1,2026-01-02T00:05:00.000Z,easy
synthetic-learner-015,hindi-grammar,hindi-grammar-q-07,0,2026-01-02T00:06:00.000Z,hard
synthetic-learner-015,fractions,fractions-q-08,1,2026-01-02T00:07:00.000Z,hard
synthetic-learner-015,hindi-grammar,hindi-grammar-q-09,1,2026-01-02T00:08:00.000Z,medium
synthetic-learner-015,photosynthesis,photosynthesis-q-10,0,2026-01-02T00:09:00.000Z,easy
synthetic-learner-015,photosynthesis,photosynthesis-q-11,1,2026-01-02T00:10:00.000Z,easy
synthetic-learner-015,python-programming,python-programming-q-12,1,2026-01-02T00:11:00.000Z,easy
synthetic-learner-015,financial-accounting,financial-accounting-q-01,0,2026-01-02T00:12:00.000Z,hard
synthetic-learner-015,fractions,fractions-q-02,1,2026-01-02T00:13:00.000Z,easy
synthetic-learner-015,python-programming,python-programming-q-03,1,2026-01-02T00:14:00.000Z,medium
synthetic-learner-015,indian-constitution,indian-constitution-q-04,0,2026-01-02T00:15:00.000Z,medium
synthetic-learner-015,fractions,fractions-q-05,1,2026-01-02T00:16:00.000Z,medium
synthetic-learner-015,indian-constitution,indian-constitution-q-06,1,2026-01-02T00:17:00.000Z,easy
synthetic-learner-015,fractions,fractions-q-07,0,2026-01-02T00:18:00.000Z,medium
synthetic-learner-015,newton-laws,newton-laws-q-08,0,2026-01-02T00:19:00.000Z,medium
synthetic-learner-015,photosynthesis,photosynthesis-q-09,1,2026-01-02T00:20:00.000Z,easy
synthetic-learner-015,photosynthesis,photosynthesis-q-10,1,2026-01-02T00:21:00.000Z,easy
synthetic-learner-015,photosynthesis,photosynthesis-q-11,0,2026-01-02T00:22:00.000Z,hard
synthetic-learner-015,financial-accounting,financial-accounting-q-12,0,2026-01-02T00:23:00.000Z,hard
synthetic-learner-015,python-programming,python-programming-q-01,1,2026-01-02T00:24:00.000Z,hard
synthetic-learner-015,hindi-grammar,hindi-grammar-q-02,1,2026-01-02T00:25:00.000Z,hard
synthetic-learner-015,fractions,fractions-q-03,1,2026-01-02T00:26:00.000Z,medium
synthetic-learner-015,newton-laws,newton-laws-q-04,1,2026-01-02T00:27:00.000Z,easy
synthetic-learner-016,algebra,algebra-q-01,0,2026-01-02T01:00:00.000Z,medium
synthetic-learner-016,hindi-grammar,hindi-grammar-q-02,1,2026-01-02T01:01:00.000Z,easy
synthetic-learner-016,indian-constitution,indian-constitution-q-03,0,2026-01-02T01:02:00.000Z,easy
synthetic-learner-016,python-programming,python-programming-q-04,1,2026-01-02T01:03:00.000Z,easy
synthetic-learner-016,financial-accounting,financial-accounting-q-05,0,2026-01-02T01:04:00.000Z,medium
synthetic-learner-016,newton-laws,newton-laws-q-06,0,2026-01-02T01:05:00.000Z,hard
synthetic-learner-016,photosynthesis,photosynthesis-q-07,1,2026-01-02T01:06:00.000Z,medium
synthetic-learner-016,fractions,fractions-q-08,1,2026-01-02T01:07:00.000Z,easy
synthetic-learner-016,algebra,algebra-q-09,0,2026-01-02T01:08:00.000Z,hard
synthetic-learner-016,fractions,fractions-q-10,1,2026-01-02T01:09:00.000Z,medium
synthetic-learner-016,hindi-grammar,hindi-grammar-q-11,1,2026-01-02T01:10:00.000Z,medium
synthetic-learner-016,indian-constitution,indian-constitution-q-12,0,2026-01-02T01:11:00.000Z,hard
synthetic-learner-016,newton-laws,newton-laws-q-01,1,2026-01-02T01:12:00.000Z,medium
synthetic-learner-016,hindi-grammar,hindi-grammar-q-02,0,2026-01-02T01:13:00.000Z,hard
synthetic-learner-016,newton-laws,newton-laws-q-03,0,2026-01-02T01:14:00.000Z,easy
synthetic-learner-016,algebra,algebra-q-04,0,2026-01-02T01:15:00.000Z,easy
synthetic-learner-016,hindi-grammar,hindi-grammar-q-05,1,2026-01-02T01:16:00.000Z,easy
synthetic-learner-016,algebra,algebra-q-06,0,2026-01-02T01:17:00.000Z,hard
synthetic-learner-016,fractions,fractions-q-07,0,2026-01-02T01:18:00.000Z,easy
synthetic-learner-016,photosynthesis,photosynthesis-q-08,1,2026-01-02T01:19:00.000Z,easy
synthetic-learner-016,hindi-grammar,hindi-grammar-q-09,0,2026-01-02T01:20:00.000Z,hard
synthetic-learner-016,indian-constitution,indian-constitution-q-10,0,2026-01-02T01:21:00.000Z,hard
synthetic-learner-016,fractions,fractions-q-11,0,2026-01-02T01:22:00.000Z,hard
synthetic-learner-016,photosynthesis,photosynthesis-q-12,1,2026-01-02T01:23:00.000Z,medium
synthetic-learner-016,python-programming,python-programming-q-01,1,2026-01-02T01:24:00.000Z,hard
synthetic-learner-016,fractions,fractions-q-02,0,2026-01-02T01:25:00.000Z,easy
synthetic-learner-016,fractions,fractions-q-03,1,2026-01-02T01:26:00.000Z,hard
synthetic-learner-016,indian-constitution,indian-constitution-q-04,1,2026-01-02T01:27:00.000Z,medium
synthetic-learner-017,algebra,algebra-q-01,0,2026-01-02T02:00:00.000Z,hard
synthetic-learner-017,python-programming,python-programming-q-02,1,2026-01-02T02:01:00.000Z,easy
synthetic-learner-017,financial-accounting,financial-accounting-q-03,1,2026-01-02T02:02:00.000Z,easy
synthetic-learner-017,algebra,algebra-q-04,0,2026-01-02T02:03:00.000Z,easy
synthetic-learner-017,financial-accounting,financial-accounting-q-05,1,2026-01-02T02:04:00.000Z,medium
synthetic-learner-017,photosynthesis,photosynthesis-q-06,0,2026-01-02T02:05:00.000Z,easy
synthetic-learner-017,hindi-grammar,hindi-grammar-q-07,1,2026-01-02T02:06:00.000Z,medium
synthetic-learner-017,fractions,fractions-q-08,0,2026-01-02T02:07:00.000Z,hard
synthetic-learner-017,newton-laws,newton-laws-q-09,1,2026-01-02T02:08:00.000Z,medium
synthetic-learner-017,python-programming,python-programming-q-10,1,2026-01-02T02:09:00.000Z,medium
synthetic-learner-017,algebra,algebra-q-11,0,2026-01-02T02:10:00.000Z,hard
synthetic-learner-017,photosynthesis,photosynthesis-q-12,1,2026-01-02T02:11:00.000Z,medium
synthetic-learner-017,algebra,algebra-q-01,0,2026-01-02T02:12:00.000Z,easy
synthetic-learner-017,hindi-grammar,hindi-grammar-q-02,0,2026-01-02T02:13:00.000Z,hard
synthetic-learner-017,newton-laws,newton-laws-q-03,0,2026-01-02T02:14:00.000Z,hard
synthetic-learner-017,indian-constitution,indian-constitution-q-04,1,2026-01-02T02:15:00.000Z,easy
synthetic-learner-017,indian-constitution,indian-constitution-q-05,1,2026-01-02T02:16:00.000Z,hard
synthetic-learner-017,hindi-grammar,hindi-grammar-q-06,1,2026-01-02T02:17:00.000Z,medium
synthetic-learner-017,financial-accounting,financial-accounting-q-07,1,2026-01-02T02:18:00.000Z,easy
synthetic-learner-017,indian-constitution,indian-constitution-q-08,1,2026-01-02T02:19:00.000Z,medium
synthetic-learner-017,algebra,algebra-q-09,0,2026-01-02T02:20:00.000Z,medium
synthetic-learner-017,financial-accounting,financial-accounting-q-10,1,2026-01-02T02:21:00.000Z,easy
synthetic-learner-017,financial-accounting,financial-accounting-q-11,1,2026-01-02T02:22:00.000Z,easy
synthetic-learner-017,python-programming,python-programming-q-12,0,2026-01-02T02:23:00.000Z,easy
synthetic-learner-017,photosynthesis,photosynthesis-q-01,1,2026-01-02T02:24:00.000Z,medium
synthetic-learner-017,indian-constitution,indian-constitution-q-02,1,2026-01-02T02:25:00.000Z,hard
synthetic-learner-017,algebra,algebra-q-03,0,2026-01-02T02:26:00.000Z,medium
synthetic-learner-017,photosynthesis,photosynthesis-q-04,1,2026-01-02T02:27:00.000Z,hard
synthetic-learner-018,algebra,algebra-q-01,1,2026-01-02T03:00:00.000Z,hard
synthetic-learner-018,hindi-grammar,hindi-grammar-q-02,1,2026-01-02T03:01:00.000Z,easy
synthetic-learner-018,fractions,fractions-q-03,0,2026-01-02T03:02:00.000Z,medium
synthetic-learner-018,hindi-grammar,hindi-grammar-q-04,0,2026-01-02T03:03:00.000Z,medium
synthetic-learner-018,fractions,fractions-q-05,0,2026-01-02T03:04:00.000Z,easy
synthetic-learner-018,python-programming,python-programming-q-06,0,2026-01-02T03:05:00.000Z,hard
synthetic-learner-018,indian-constitution,indian-constitution-q-07,0,2026-01-02T03:06:00.000Z,medium
synthetic-learner-018,python-programming,python-programming-q-08,0,2026-01-02T03:07:00.000Z,hard
synthetic-learner-018,python-programming,python-programming-q-09,0,2026-01-02T03:08:00.000Z,hard
synthetic-learner-018,fractions,fractions-q-10,1,2026-01-02T03:09:00.000Z,hard
synthetic-learner-018,fractions,fractions-q-11,0,2026-01-02T03:10:00.000Z,medium
synthetic-learner-018,financial-accounting,financial-accounting-q-12,0,2026-01-02T03:11:00.000Z,hard
synthetic-learner-018,newton-laws,newton-laws-q-01,0,2026-01-02T03:12:00.000Z,medium
synthetic-learner-018,indian-constitution,indian-constitution-q-02,1,2026-01-02T03:13:00.000Z,medium
synthetic-learner-018,photosynthesis,photosynthesis-q-03,1,2026-01-02T03:14:00.000Z,easy
synthetic-learner-018,photosynthesis,photosynthesis-q-04,0,2026-01-02T03:15:00.000Z,medium
synthetic-learner-018,photosynthesis,photosynthesis-q-05,0,2026-01-02T03:16:00.000Z,medium
synthetic-learner-018,financial-accounting,financial-accounting-q-06,0,2026-01-02T03:17:00.000Z,hard
synthetic-learner-018,financial-accounting,financial-accounting-q-07,0,2026-01-02T03:18:00.000Z,hard
synthetic-learner-018,hindi-grammar,hindi-grammar-q-08,0,2026-01-02T03:19:00.000Z,easy
synthetic-learner-018,hindi-grammar,hindi-grammar-q-09,1,2026-01-02T03:20:00.000Z,medium
synthetic-learner-018,python-programming,python-programming-q-10,0,2026-01-02T03:21:00.000Z,medium
synthetic-learner-018,python-programming,python-programming-q-11,0,2026-01-02T03:22:00.000Z,hard
synthetic-learner-018,photosynthesis,photosynthesis-q-12,1,2026-01-02T03:23:00.000Z,easy
synthetic-learner-018,newton-laws,newton-laws-q-01,0,2026-01-02T03:24:00.000Z,hard
synthetic-learner-018,python-programming,python-programming-q-02,0,2026-01-02T03:25:00.000Z,medium
synthetic-learner-018,newton-laws,newton-laws-q-03,0,2026-01-02T03:26:00.000Z,hard
synthetic-learner-018,indian-constitution,indian-constitution-q-04,0,2026-01-02T03:27:00.000Z,easy
synthetic-learner-019,python-programming,python-programming-q-01,0,2026-01-02T04:00:00.000Z,hard
synthetic-learner-019,python-programming,python-programming-q-02,0,2026-01-02T04:01:00.000Z,hard
synthetic-learner-019,newton-laws,newton-laws-q-03,1,2026-01-02T04:02:00.000Z,hard
synthetic-learner-019,photosynthesis,photosynthesis-q-04,0,2026-01-02T04:03:00.000Z,hard
synthetic-learner-019,hindi-grammar,hindi-grammar-q-05,1,2026-01-02T04:04:00.000Z,medium
synthetic-learner-019,newton-laws,newton-laws-q-06,1,2026-01-02T04:05:00.000Z,easy
synthetic-learner-019,indian-constitution,indian-constitution-q-07,1,2026-01-02T04:06:00.000Z,easy
synthetic-learner-019,algebra,algebra-q-08,0,2026-01-02T04:07:00.000Z,medium
synthetic-learner-019,fractions,fractions-q-09,1,2026-01-02T04:08:00.000Z,easy
synthetic-learner-019,photosynthesis,photosynthesis-q-10,1,2026-01-02T04:09:00.000Z,medium
synthetic-learner-019,indian-constitution,indian-constitution-q-11,0,2026-01-02T04:10:00.000Z,hard
synthetic-learner-019,python-programming,python-programming-q-12,1,2026-01-02T04:11:00.000Z,medium
synthetic-learner-019,algebra,algebra-q-01,1,2026-01-02T04:12:00.000Z,easy
synthetic-learner-019,python-programming,python-programming-q-02,0,2026-01-02T04:13:00.000Z,medium
synthetic-learner-019,python-programming,python-programming-q-03,0,2026-01-02T04:14:00.000Z,medium
synthetic-learner-019,algebra,algebra-q-04,0,2026-01-02T04:15:00.000Z,medium
synthetic-learner-019,fractions,fractions-q-05,1,2026-01-02T04:16:00.000Z,easy
synthetic-learner-019,financial-accounting,financial-accounting-q-06,0,2026-01-02T04:17:00.000Z,medium
synthetic-learner-019,python-programming,python-programming-q-07,0,2026-01-02T04:18:00.000Z,hard
synthetic-learner-019,hindi-grammar,hindi-grammar-q-08,1,2026-01-02T04:19:00.000Z,medium
synthetic-learner-019,financial-accounting,financial-accounting-q-09,0,2026-01-02T04:20:00.000Z,easy
synthetic-learner-019,fractions,fractions-q-10,1,2026-01-02T04:21:00.000Z,medium
synthetic-learner-019,algebra,algebra-q-11,1,2026-01-02T04:22:00.000Z,easy
synthetic-learner-019,newton-laws,newton-laws-q-12,1,2026-01-02T04:23:00.000Z,easy
synthetic-learner-019,indian-constitution,indian-constitution-q-01,1,2026-01-02T04:24:00.000Z,easy
synthetic-learner-019,financial-accounting,financial-accounting-q-02,1,2026-01-02T04:25:00.000Z,hard
synthetic-learner-019,financial-accounting,financial-accounting-q-03,0,2026-01-02T04:26:00.000Z,easy
synthetic-learner-019,indian-constitution,indian-constitution-q-04,1,2026-01-02T04:27:00.000Z,easy
synthetic-learner-020,hindi-grammar,hindi-grammar-q-01,0,2026-01-02T05:00:00.000Z,medium
synthetic-learner-020,newton-laws,newton-laws-q-02,1,2026-01-02T05:01:00.000Z,medium
synthetic-learner-020,python-programming,python-programming-q-03,0,2026-01-02T05:02:00.000Z,medium
synthetic-learner-020,fractions,fractions-q-04,0,2026-01-02T05:03:00.000Z,hard
synthetic-learner-020,newton-laws,newton-laws-q-05,1,2026-01-02T05:04:00.000Z,hard
synthetic-learner-020,indian-constitution,indian-constitution-q-06,0,2026-01-02T05:05:00.000Z,easy
synthetic-learner-020,hindi-grammar,hindi-grammar-q-07,0,2026-01-02T05:06:00.000Z,easy
synthetic-learner-020,hindi-grammar,hindi-grammar-q-08,0,2026-01-02T05:07:00.000Z,easy
synthetic-learner-020,python-programming,python-programming-q-09,1,2026-01-02T05:08:00.000Z,easy
synthetic-learner-020,indian-constitution,indian-constitution-q-10,0,2026-01-02T05:09:00.000Z,medium
synthetic-learner-020,photosynthesis,photosynthesis-q-11,0,2026-01-02T05:10:00.000Z,easy
synthetic-learner-020,newton-laws,newton-laws-q-12,1,2026-01-02T05:11:00.000Z,medium
synthetic-learner-020,algebra,algebra-q-01,0,2026-01-02T05:12:00.000Z,easy
synthetic-learner-020,financial-accounting,financial-accounting-q-02,0,2026-01-02T05:13:00.000Z,medium
synthetic-learner-020,fractions,fractions-q-03,1,2026-01-02T05:14:00.000Z,hard
synthetic-learner-020,financial-accounting,financial-accounting-q-04,0,2026-01-02T05:15:00.000Z,easy
synthetic-learner-020,financial-accounting,financial-accounting-q-05,0,2026-01-02T05:16:00.000Z,medium
synthetic-learner-020,photosynthesis,photosynthesis-q-06,1,2026-01-02T05:17:00.000Z,easy
synthetic-learner-020,python-programming,python-programming-q-07,0,2026-01-02T05:18:00.000Z,easy
synthetic-learner-020,financial-accounting,financial-accounting-q-08,1,2026-01-02T05:19:00.000Z,easy
synthetic-learner-020,hindi-grammar,hindi-grammar-q-09,1,2026-01-02T05:20:00.000Z,easy
synthetic-learner-020,financial-accounting,financial-accounting-q-10,1,2026-01-02T05:21:00.000Z,medium
synthetic-learner-020,fractions,fractions-q-11,0,2026-01-02T05:22:00.000Z,hard
synthetic-learner-020,newton-laws,newton-laws-q-12,0,2026-01-02T05:23:00.000Z,hard
synthetic-learner-020,python-programming,python-programming-q-01,0,2026-01-02T05:24:00.000Z,easy
synthetic-learner-020,indian-constitution,indian-constitution-q-02,1,2026-01-02T05:25:00.000Z,easy
synthetic-learner-020,fractions,fractions-q-03,1,2026-01-02T05:26:00.000Z,medium
synthetic-learner-020,financial-accounting,financial-accounting-q-04,0,2026-01-02T05:27:00.000Z,medium
synthetic-learner-021,financial-accounting,financial-accounting-q-01,1,2026-01-02T06:00:00.000Z,medium
synthetic-learner-021,photosynthesis,photosynthesis-q-02,0,2026-01-02T06:01:00.000Z,easy
synthetic-learner-021,hindi-grammar,hindi-grammar-q-03,0,2026-01-02T06:02:00.000Z,medium
synthetic-learner-021,financial-accounting,financial-accounting-q-04,0,2026-01-02T06:03:00.000Z,hard
synthetic-learner-021,indian-constitution,indian-constitution-q-05,1,2026-01-02T06:04:00.000Z,easy
synthetic-learner-021,newton-laws,newton-laws-q-06,0,2026-01-02T06:05:00.000Z,hard
synthetic-learner-021,algebra,algebra-q-07,1,2026-01-02T06:06:00.000Z,medium
synthetic-learner-021,fractions,fractions-q-08,0,2026-01-02T06:07:00.000Z,hard
synthetic-learner-021,newton-laws,newton-laws-q-09,1,2026-01-02T06:08:00.000Z,hard
synthetic-learner-021,newton-laws,newton-laws-q-10,0,2026-01-02T06:09:00.000Z,easy
synthetic-learner-021,fractions,fractions-q-11,1,2026-01-02T06:10:00.000Z,medium
synthetic-learner-021,financial-accounting,financial-accounting-q-12,0,2026-01-02T06:11:00.000Z,hard
synthetic-learner-021,indian-constitution,indian-constitution-q-01,0,2026-01-02T06:12:00.000Z,hard
synthetic-learner-021,fractions,fractions-q-02,1,2026-01-02T06:13:00.000Z,easy
synthetic-learner-021,fractions,fractions-q-03,0,2026-01-02T06:14:00.000Z,easy
synthetic-learner-021,newton-laws,newton-laws-q-04,1,2026-01-02T06:15:00.000Z,easy
synthetic-learner-021,financial-accounting,financial-accounting-q-05,1,2026-01-02T06:16:00.000Z,easy
synthetic-learner-021,fractions,fractions-q-06,0,2026-01-02T06:17:00.000Z,hard
synthetic-learner-021,python-programming,python-programming-q-07,1,2026-01-02T06:18:00.000Z,easy
synthetic-learner-021,algebra,algebra-q-08,1,2026-01-02T06:19:00.000Z,easy
synthetic-learner-021,financial-accounting,financial-accounting-q-09,0,2026-01-02T06:20:00.000Z,easy
synthetic-learner-021,python-programming,python-programming-q-10,1,2026-01-02T06:21:00.000Z,hard
synthetic-learner-021,photosynthesis,photosynthesis-q-11,0,2026-01-02T06:22:00.000Z,medium
synthetic-learner-021,financial-accounting,financial-accounting-q-12,1,2026-01-02T06:23:00.000Z,easy
synthetic-learner-021,financial-accounting,financial-accounting-q-01,0,2026-01-02T06:24:00.000Z,medium
synthetic-learner-021,indian-constitution,indian-constitution-q-02,0,2026-01-02T06:25:00.000Z,hard
synthetic-learner-021,newton-laws,newton-laws-q-03,0,2026-01-02T06:26:00.000Z,hard
synthetic-learner-021,python-programming,python-programming-q-04,1,2026-01-02T06:27:00.000Z,hard
synthetic-learner-022,financial-accounting,financial-accounting-q-01,1,2026-01-02T07:00:00.000Z,medium
synthetic-learner-022,newton-laws,newton-laws-q-02,0,2026-01-02T07:01:00.000Z,hard
synthetic-learner-022,financial-accounting,financial-accounting-q-03,0,2026-01-02T07:02:00.000Z,medium
synthetic-learner-022,python-programming,python-programming-q-04,1,2026-01-02T07:03:00.000Z,medium
synthetic-learner-022,newton-laws,newton-laws-q-05,0,2026-01-02T07:04:00.000Z,hard
synthetic-learner-022,fractions,fractions-q-06,0,2026-01-02T07:05:00.000Z,easy
synthetic-learner-022,algebra,algebra-q-07,1,2026-01-02T07:06:00.000Z,easy
synthetic-learner-022,fractions,fractions-q-08,0,2026-01-02T07:07:00.000Z,easy
synthetic-learner-022,photosynthesis,photosynthesis-q-09,0,2026-01-02T07:08:00.000Z,medium
synthetic-learner-022,newton-laws,newton-laws-q-10,0,2026-01-02T07:09:00.000Z,hard
synthetic-learner-022,algebra,algebra-q-11,1,2026-01-02T07:10:00.000Z,medium
synthetic-learner-022,photosynthesis,photosynthesis-q-12,1,2026-01-02T07:11:00.000Z,easy
synthetic-learner-022,financial-accounting,financial-accounting-q-01,0,2026-01-02T07:12:00.000Z,medium
synthetic-learner-022,hindi-grammar,hindi-grammar-q-02,1,2026-01-02T07:13:00.000Z,easy
synthetic-learner-022,newton-laws,newton-laws-q-03,0,2026-01-02T07:14:00.000Z,easy
synthetic-learner-022,fractions,fractions-q-04,1,2026-01-02T07:15:00.000Z,easy
synthetic-learner-022,financial-accounting,financial-accounting-q-05,0,2026-01-02T07:16:00.000Z,hard
synthetic-learner-022,python-programming,python-programming-q-06,1,2026-01-02T07:17:00.000Z,easy
synthetic-learner-022,newton-laws,newton-laws-q-07,1,2026-01-02T07:18:00.000Z,easy
synthetic-learner-022,fractions,fractions-q-08,1,2026-01-02T07:19:00.000Z,hard
synthetic-learner-022,hindi-grammar,hindi-grammar-q-09,1,2026-01-02T07:20:00.000Z,easy
synthetic-learner-022,hindi-grammar,hindi-grammar-q-10,1,2026-01-02T07:21:00.000Z,easy
synthetic-learner-022,python-programming,python-programming-q-11,0,2026-01-02T07:22:00.000Z,medium
synthetic-learner-022,fractions,fractions-q-12,1,2026-01-02T07:23:00.000Z,medium
synthetic-learner-022,newton-laws,newton-laws-q-01,0,2026-01-02T07:24:00.000Z,easy
synthetic-learner-022,fractions,fractions-q-02,0,2026-01-02T07:25:00.000Z,easy
synthetic-learner-022,python-programming,python-programming-q-03,1,2026-01-02T07:26:00.000Z,easy
synthetic-learner-022,indian-constitution,indian-constitution-q-04,0,2026-01-02T07:27:00.000Z,medium
synthetic-learner-023,financial-accounting,financial-accounting-q-01,0,2026-01-02T08:00:00.000Z,hard
synthetic-learner-023,python-programming,python-programming-q-02,1,2026-01-02T08:01:00.000Z,medium
synthetic-learner-023,photosynthesis,photosynthesis-q-03,0,2026-01-02T08:02:00.000Z,easy
synthetic-learner-023,indian-constitution,indian-constitution-q-04,0,2026-01-02T08:03:00.000Z,easy
synthetic-learner-023,fractions,fractions-q-05,0,2026-01-02T08:04:00.000Z,hard
synthetic-learner-023,newton-laws,newton-laws-q-06,0,2026-01-02T08:05:00.000Z,easy
synthetic-learner-023,indian-constitution,indian-constitution-q-07,1,2026-01-02T08:06:00.000Z,medium
synthetic-learner-023,newton-laws,newton-laws-q-08,1,2026-01-02T08:07:00.000Z,hard
synthetic-learner-023,indian-constitution,indian-constitution-q-09,1,2026-01-02T08:08:00.000Z,hard
synthetic-learner-023,photosynthesis,photosynthesis-q-10,0,2026-01-02T08:09:00.000Z,hard
synthetic-learner-023,algebra,algebra-q-11,1,2026-01-02T08:10:00.000Z,easy
synthetic-learner-023,algebra,algebra-q-12,0,2026-01-02T08:11:00.000Z,medium
synthetic-learner-023,algebra,algebra-q-01,0,2026-01-02T08:12:00.000Z,hard
synthetic-learner-023,financial-accounting,financial-accounting-q-02,0,2026-01-02T08:13:00.000Z,medium
synthetic-learner-023,indian-constitution,indian-constitution-q-03,0,2026-01-02T08:14:00.000Z,hard
synthetic-learner-023,hindi-grammar,hindi-grammar-q-04,0,2026-01-02T08:15:00.000Z,hard
synthetic-learner-023,python-programming,python-programming-q-05,1,2026-01-02T08:16:00.000Z,easy
synthetic-learner-023,financial-accounting,financial-accounting-q-06,0,2026-01-02T08:17:00.000Z,medium
synthetic-learner-023,photosynthesis,photosynthesis-q-07,1,2026-01-02T08:18:00.000Z,hard
synthetic-learner-023,photosynthesis,photosynthesis-q-08,0,2026-01-02T08:19:00.000Z,hard
synthetic-learner-023,algebra,algebra-q-09,0,2026-01-02T08:20:00.000Z,hard
synthetic-learner-023,newton-laws,newton-laws-q-10,0,2026-01-02T08:21:00.000Z,medium
synthetic-learner-023,python-programming,python-programming-q-11,0,2026-01-02T08:22:00.000Z,hard
synthetic-learner-023,python-programming,python-programming-q-12,0,2026-01-02T08:23:00.000Z,hard
synthetic-learner-023,indian-constitution,indian-constitution-q-01,1,2026-01-02T08:24:00.000Z,medium
synthetic-learner-023,fractions,fractions-q-02,0,2026-01-02T08:25:00.000Z,medium
synthetic-learner-023,python-programming,python-programming-q-03,1,2026-01-02T08:26:00.000Z,medium
synthetic-learner-023,indian-constitution,indian-constitution-q-04,0,2026-01-02T08:27:00.000Z,hard
synthetic-learner-024,python-programming,python-programming-q-01,0,2026-01-02T09:00:00.000Z,easy
synthetic-learner-024,photosynthesis,photosynthesis-q-02,0,2026-01-02T09:01:00.000Z,medium
synthetic-learner-024,photosynthesis,photosynthesis-q-03,1,2026-01-02T09:02:00.000Z,easy
synthetic-learner-024,financial-accounting,financial-accounting-q-04,1,2026-01-02T09:03:00.000Z,easy
synthetic-learner-024,financial-accounting,financial-accounting-q-05,0,2026-01-02T09:04:00.000Z,easy
synthetic-learner-024,python-programming,python-programming-q-06,0,2026-01-02T09:05:00.000Z,easy
synthetic-learner-024,algebra,algebra-q-07,0,2026-01-02T09:06:00.000Z,hard
synthetic-learner-024,newton-laws,newton-laws-q-08,0,2026-01-02T09:07:00.000Z,hard
synthetic-learner-024,python-programming,python-programming-q-09,1,2026-01-02T09:08:00.000Z,easy
synthetic-learner-024,fractions,fractions-q-10,1,2026-01-02T09:09:00.000Z,hard
synthetic-learner-024,hindi-grammar,hindi-grammar-q-11,0,2026-01-02T09:10:00.000Z,hard
synthetic-learner-024,python-programming,python-programming-q-12,1,2026-01-02T09:11:00.000Z,easy
synthetic-learner-024,photosynthesis,photosynthesis-q-01,0,2026-01-02T09:12:00.000Z,medium
synthetic-learner-024,newton-laws,newton-laws-q-02,1,2026-01-02T09:13:00.000Z,easy
synthetic-learner-024,photosynthesis,photosynthesis-q-03,0,2026-01-02T09:14:00.000Z,hard
synthetic-learner-024,newton-laws,newton-laws-q-04,1,2026-01-02T09:15:00.000Z,hard
synthetic-learner-024,algebra,algebra-q-05,0,2026-01-02T09:16:00.000Z,medium
synthetic-learner-024,fractions,fractions-q-06,0,2026-01-02T09:17:00.000Z,hard
synthetic-learner-024,financial-accounting,financial-accounting-q-07,0,2026-01-02T09:18:00.000Z,medium
synthetic-learner-024,python-programming,python-programming-q-08,1,2026-01-02T09:19:00.000Z,easy
synthetic-learner-024,algebra,algebra-q-09,0,2026-01-02T09:20:00.000Z,hard
synthetic-learner-024,python-programming,python-programming-q-10,1,2026-01-02T09:21:00.000Z,easy
synthetic-learner-024,algebra,algebra-q-11,0,2026-01-02T09:22:00.000Z,medium
synthetic-learner-024,indian-constitution,indian-constitution-q-12,0,2026-01-02T09:23:00.000Z,medium
synthetic-learner-024,algebra,algebra-q-01,0,2026-01-02T09:24:00.000Z,hard
synthetic-learner-024,photosynthesis,photosynthesis-q-02,0,2026-01-02T09:25:00.000Z,hard
synthetic-learner-024,indian-constitution,indian-constitution-q-03,0,2026-01-02T09:26:00.000Z,medium
synthetic-learner-024,algebra,algebra-q-04,0,2026-01-02T09:27:00.000Z,hard
synthetic-learner-025,algebra,algebra-q-01,0,2026-01-02T10:00:00.000Z,hard
synthetic-learner-025,indian-constitution,indian-constitution-q-02,1,2026-01-02T10:01:00.000Z,medium
synthetic-learner-025,newton-laws,newton-laws-q-03,0,2026-01-02T10:02:00.000Z,medium
synthetic-learner-025,hindi-grammar,hindi-grammar-q-04,0,2026-01-02T10:03:00.000Z,easy
synthetic-learner-025,fractions,fractions-q-05,1,2026-01-02T10:04:00.000Z,easy
synthetic-learner-025,hindi-grammar,hindi-grammar-q-06,1,2026-01-02T10:05:00.000Z,easy
synthetic-learner-025,newton-laws,newton-laws-q-07,0,2026-01-02T10:06:00.000Z,easy
synthetic-learner-025,fractions,fractions-q-08,0,2026-01-02T10:07:00.000Z,hard
synthetic-learner-025,python-programming,python-programming-q-09,1,2026-01-02T10:08:00.000Z,hard
synthetic-learner-025,algebra,algebra-q-10,0,2026-01-02T10:09:00.000Z,easy
synthetic-learner-025,algebra,algebra-q-11,1,2026-01-02T10:10:00.000Z,medium
synthetic-learner-025,algebra,algebra-q-12,1,2026-01-02T10:11:00.000Z,medium
synthetic-learner-025,algebra,algebra-q-01,0,2026-01-02T10:12:00.000Z,medium
synthetic-learner-025,hindi-grammar,hindi-grammar-q-02,0,2026-01-02T10:13:00.000Z,easy
synthetic-learner-025,newton-laws,newton-laws-q-03,0,2026-01-02T10:14:00.000Z,easy
synthetic-learner-025,hindi-grammar,hindi-grammar-q-04,1,2026-01-02T10:15:00.000Z,medium
synthetic-learner-025,financial-accounting,financial-accounting-q-05,0,2026-01-02T10:16:00.000Z,medium
synthetic-learner-025,newton-laws,newton-laws-q-06,1,2026-01-02T10:17:00.000Z,easy
synthetic-learner-025,photosynthesis,photosynthesis-q-07,0,2026-01-02T10:18:00.000Z,medium
synthetic-learner-025,python-programming,python-programming-q-08,0,2026-01-02T10:19:00.000Z,hard
synthetic-learner-025,hindi-grammar,hindi-grammar-q-09,0,2026-01-02T10:20:00.000Z,medium
synthetic-learner-025,fractions,fractions-q-10,0,2026-01-02T10:21:00.000Z,easy
synthetic-learner-025,financial-accounting,financial-accounting-q-11,0,2026-01-02T10:22:00.000Z,hard
synthetic-learner-025,hindi-grammar,hindi-grammar-q-12,1,2026-01-02T10:23:00.000Z,medium
synthetic-learner-025,fractions,fractions-q-01,0,2026-01-02T10:24:00.000Z,medium
synthetic-learner-025,fractions,fractions-q-02,0,2026-01-02T10:25:00.000Z,medium
synthetic-learner-025,photosynthesis,photosynthesis-q-03,1,2026-01-02T10:26:00.000Z,easy
synthetic-learner-025,financial-accounting,financial-accounting-q-04,0,2026-01-02T10:27:00.000Z,easy
synthetic-learner-026,indian-constitution,indian-constitution-q-01,0,2026-01-02T11:00:00.000Z,medium
synthetic-learner-026,hindi-grammar,hindi-grammar-q-02,1,2026-01-02T11:01:00.000Z,medium
synthetic-learner-026,indian-constitution,indian-constitution-q-03,1,2026-01-02T11:02:00.000Z,medium
synthetic-learner-026,photosynthesis,photosynthesis-q-04,1,2026-01-02T11:03:00.000Z,easy
synthetic-learner-026,algebra,algebra-q-05,1,2026-01-02T11:04:00.000Z,medium
synthetic-learner-026,hindi-grammar,hindi-grammar-q-06,1,2026-01-02T11:05:00.000Z,medium
synthetic-learner-026,algebra,algebra-q-07,1,2026-01-02T11:06:00.000Z,hard
synthetic-learner-026,fractions,fractions-q-08,1,2026-01-02T11:07:00.000Z,hard
synthetic-learner-026,hindi-grammar,hindi-grammar-q-09,1,2026-01-02T11:08:00.000Z,hard
synthetic-learner-026,newton-laws,newton-laws-q-10,1,2026-01-02T11:09:00.000Z,medium
synthetic-learner-026,algebra,algebra-q-11,1,2026-01-02T11:10:00.000Z,medium
synthetic-learner-026,photosynthesis,photosynthesis-q-12,1,2026-01-02T11:11:00.000Z,easy
synthetic-learner-026,photosynthesis,photosynthesis-q-01,1,2026-01-02T11:12:00.000Z,medium
synthetic-learner-026,algebra,algebra-q-02,1,2026-01-02T11:13:00.000Z,easy
synthetic-learner-026,newton-laws,newton-laws-q-03,0,2026-01-02T11:14:00.000Z,hard
synthetic-learner-026,financial-accounting,financial-accounting-q-04,0,2026-01-02T11:15:00.000Z,easy
synthetic-learner-026,newton-laws,newton-laws-q-05,1,2026-01-02T11:16:00.000Z,easy
synthetic-learner-026,newton-laws,newton-laws-q-06,1,2026-01-02T11:17:00.000Z,medium
synthetic-learner-026,newton-laws,newton-laws-q-07,1,2026-01-02T11:18:00.000Z,hard
synthetic-learner-026,newton-laws,newton-laws-q-08,1,2026-01-02T11:19:00.000Z,easy
synthetic-learner-026,hindi-grammar,hindi-grammar-q-09,1,2026-01-02T11:20:00.000Z,easy
synthetic-learner-026,hindi-grammar,hindi-grammar-q-10,1,2026-01-02T11:21:00.000Z,medium
synthetic-learner-026,newton-laws,newton-laws-q-11,0,2026-01-02T11:22:00.000Z,hard
synthetic-learner-026,algebra,algebra-q-12,0,2026-01-02T11:23:00.000Z,hard
synthetic-learner-026,python-programming,python-programming-q-01,0,2026-01-02T11:24:00.000Z,medium
synthetic-learner-026,indian-constitution,indian-constitution-q-02,1,2026-01-02T11:25:00.000Z,hard
synthetic-learner-026,photosynthesis,photosynthesis-q-03,1,2026-01-02T11:26:00.000Z,hard
synthetic-learner-026,algebra,algebra-q-04,1,2026-01-02T11:27:00.000Z,medium
synthetic-learner-027,newton-laws,newton-laws-q-01,1,2026-01-02T12:00:00.000Z,medium
synthetic-learner-027,indian-constitution,indian-constitution-q-02,0,2026-01-02T12:01:00.000Z,medium
synthetic-learner-027,photosynthesis,photosynthesis-q-03,0,2026-01-02T12:02:00.000Z,easy
synthetic-learner-027,financial-accounting,financial-accounting-q-04,1,2026-01-02T12:03:00.000Z,easy
synthetic-learner-027,financial-accounting,financial-accounting-q-05,1,2026-01-02T12:04:00.000Z,hard
synthetic-learner-027,indian-constitution,indian-constitution-q-06,0,2026-01-02T12:05:00.000Z,hard
synthetic-learner-027,indian-constitution,indian-constitution-q-07,0,2026-01-02T12:06:00.000Z,medium
synthetic-learner-027,financial-accounting,financial-accounting-q-08,0,2026-01-02T12:07:00.000Z,hard
synthetic-learner-027,python-programming,python-programming-q-09,1,2026-01-02T12:08:00.000Z,easy
synthetic-learner-027,financial-accounting,financial-accounting-q-10,0,2026-01-02T12:09:00.000Z,easy
synthetic-learner-027,algebra,algebra-q-11,1,2026-01-02T12:10:00.000Z,easy
synthetic-learner-027,newton-laws,newton-laws-q-12,1,2026-01-02T12:11:00.000Z,medium
synthetic-learner-027,financial-accounting,financial-accounting-q-01,0,2026-01-02T12:12:00.000Z,hard
synthetic-learner-027,newton-laws,newton-laws-q-02,0,2026-01-02T12:13:00.000Z,medium
synthetic-learner-027,algebra,algebra-q-03,0,2026-01-02T12:14:00.000Z,easy
synthetic-learner-027,algebra,algebra-q-04,0,2026-01-02T12:15:00.000Z,medium
synthetic-learner-027,financial-accounting,financial-accounting-q-05,0,2026-01-02T12:16:00.000Z,medium
synthetic-learner-027,algebra,algebra-q-06,1,2026-01-02T12:17:00.000Z,hard
synthetic-learner-027,newton-laws,newton-laws-q-07,1,2026-01-02T12:18:00.000Z,medium
synthetic-learner-027,algebra,algebra-q-08,0,2026-01-02T12:19:00.000Z,hard
synthetic-learner-027,financial-accounting,financial-accounting-q-09,0,2026-01-02T12:20:00.000Z,hard
synthetic-learner-027,fractions,fractions-q-10,0,2026-01-02T12:21:00.000Z,easy
synthetic-learner-027,financial-accounting,financial-accounting-q-11,1,2026-01-02T12:22:00.000Z,easy
synthetic-learner-027,hindi-grammar,hindi-grammar-q-12,1,2026-01-02T12:23:00.000Z,easy
synthetic-learner-027,python-programming,python-programming-q-01,0,2026-01-02T12:24:00.000Z,hard
synthetic-learner-027,financial-accounting,financial-accounting-q-02,1,2026-01-02T12:25:00.000Z,medium
synthetic-learner-027,financial-accounting,financial-accounting-q-03,0,2026-01-02T12:26:00.000Z,medium
synthetic-learner-027,hindi-grammar,hindi-grammar-q-04,1,2026-01-02T12:27:00.000Z,medium
synthetic-learner-028,photosynthesis,photosynthesis-q-01,1,2026-01-02T13:00:00.000Z,easy
synthetic-learner-028,newton-laws,newton-laws-q-02,1,2026-01-02T13:01:00.000Z,hard
synthetic-learner-028,newton-laws,newton-laws-q-03,1,2026-01-02T13:02:00.000Z,easy
synthetic-learner-028,algebra,algebra-q-04,0,2026-01-02T13:03:00.000Z,hard
synthetic-learner-028,financial-accounting,financial-accounting-q-05,0,2026-01-02T13:04:00.000Z,easy
synthetic-learner-028,hindi-grammar,hindi-grammar-q-06,0,2026-01-02T13:05:00.000Z,medium
synthetic-learner-028,newton-laws,newton-laws-q-07,1,2026-01-02T13:06:00.000Z,easy
synthetic-learner-028,python-programming,python-programming-q-08,0,2026-01-02T13:07:00.000Z,easy
synthetic-learner-028,newton-laws,newton-laws-q-09,1,2026-01-02T13:08:00.000Z,medium
synthetic-learner-028,python-programming,python-programming-q-10,1,2026-01-02T13:09:00.000Z,easy
synthetic-learner-028,indian-constitution,indian-constitution-q-11,0,2026-01-02T13:10:00.000Z,hard
synthetic-learner-028,fractions,fractions-q-12,0,2026-01-02T13:11:00.000Z,easy
synthetic-learner-028,fractions,fractions-q-01,0,2026-01-02T13:12:00.000Z,medium
synthetic-learner-028,hindi-grammar,hindi-grammar-q-02,0,2026-01-02T13:13:00.000Z,easy
synthetic-learner-028,photosynthesis,photosynthesis-q-03,0,2026-01-02T13:14:00.000Z,hard
synthetic-learner-028,hindi-grammar,hindi-grammar-q-04,0,2026-01-02T13:15:00.000Z,medium
synthetic-learner-028,hindi-grammar,hindi-grammar-q-05,0,2026-01-02T13:16:00.000Z,easy
synthetic-learner-028,hindi-grammar,hindi-grammar-q-06,0,2026-01-02T13:17:00.000Z,hard
synthetic-learner-028,algebra,algebra-q-07,0,2026-01-02T13:18:00.000Z,hard
synthetic-learner-028,photosynthesis,photosynthesis-q-08,0,2026-01-02T13:19:00.000Z,medium
synthetic-learner-028,hindi-grammar,hindi-grammar-q-09,0,2026-01-02T13:20:00.000Z,hard
synthetic-learner-028,python-programming,python-programming-q-10,1,2026-01-02T13:21:00.000Z,easy
synthetic-learner-028,fractions,fractions-q-11,0,2026-01-02T13:22:00.000Z,hard
synthetic-learner-028,fractions,fractions-q-12,0,2026-01-02T13:23:00.000Z,medium
synthetic-learner-028,financial-accounting,financial-accounting-q-01,0,2026-01-02T13:24:00.000Z,hard
synthetic-learner-028,python-programming,python-programming-q-02,1,2026-01-02T13:25:00.000Z,medium
synthetic-learner-028,photosynthesis,photosynthesis-q-03,0,2026-01-02T13:26:00.000Z,hard
synthetic-learner-028,financial-accounting,financial-accounting-q-04,0,2026-01-02T13:27:00.000Z,easy
synthetic-learner-029,newton-laws,newton-laws-q-01,1,2026-01-02T14:00:00.000Z,medium
synthetic-learner-029,financial-accounting,financial-accounting-q-02,1,2026-01-02T14:01:00.000Z,hard
synthetic-learner-029,newton-laws,newton-laws-q-03,0,2026-01-02T14:02:00.000Z,hard
synthetic-learner-029,algebra,algebra-q-04,1,2026-01-02T14:03:00.000Z,medium
synthetic-learner-029,newton-laws,newton-laws-q-05,0,2026-01-02T14:04:00.000Z,hard
synthetic-learner-029,hindi-grammar,hindi-grammar-q-06,0,2026-01-02T14:05:00.000Z,hard
synthetic-learner-029,photosynthesis,photosynthesis-q-07,1,2026-01-02T14:06:00.000Z,easy
synthetic-learner-029,fractions,fractions-q-08,1,2026-01-02T14:07:00.000Z,easy
synthetic-learner-029,financial-accounting,financial-accounting-q-09,1,2026-01-02T14:08:00.000Z,medium
synthetic-learner-029,newton-laws,newton-laws-q-10,1,2026-01-02T14:09:00.000Z,medium
synthetic-learner-029,newton-laws,newton-laws-q-11,0,2026-01-02T14:10:00.000Z,easy
synthetic-learner-029,hindi-grammar,hindi-grammar-q-12,1,2026-01-02T14:11:00.000Z,easy
synthetic-learner-029,indian-constitution,indian-constitution-q-01,1,2026-01-02T14:12:00.000Z,easy
synthetic-learner-029,indian-constitution,indian-constitution-q-02,1,2026-01-02T14:13:00.000Z,hard
synthetic-learner-029,algebra,algebra-q-03,0,2026-01-02T14:14:00.000Z,medium
synthetic-learner-029,indian-constitution,indian-constitution-q-04,1,2026-01-02T14:15:00.000Z,easy
synthetic-learner-029,financial-accounting,financial-accounting-q-05,1,2026-01-02T14:16:00.000Z,easy
synthetic-learner-029,python-programming,python-programming-q-06,1,2026-01-02T14:17:00.000Z,hard
synthetic-learner-029,photosynthesis,photosynthesis-q-07,0,2026-01-02T14:18:00.000Z,hard
synthetic-learner-029,photosynthesis,photosynthesis-q-08,0,2026-01-02T14:19:00.000Z,medium
synthetic-learner-029,fractions,fractions-q-09,1,2026-01-02T14:20:00.000Z,medium
synthetic-learner-029,fractions,fractions-q-10,1,2026-01-02T14:21:00.000Z,medium
synthetic-learner-029,fractions,fractions-q-11,1,2026-01-02T14:22:00.000Z,easy
synthetic-learner-029,python-programming,python-programming-q-12,1,2026-01-02T14:23:00.000Z,medium
synthetic-learner-029,hindi-grammar,hindi-grammar-q-01,0,2026-01-02T14:24:00.000Z,hard
synthetic-learner-029,python-programming,python-programming-q-02,1,2026-01-02T14:25:00.000Z,easy
synthetic-learner-029,financial-accounting,financial-accounting-q-03,1,2026-01-02T14:26:00.000Z,hard
synthetic-learner-029,indian-constitution,indian-constitution-q-04,1,2026-01-02T14:27:00.000Z,easy
synthetic-learner-030,indian-constitution,indian-constitution-q-01,0,2026-01-02T15:00:00.000Z,hard
synthetic-learner-030,python-programming,python-programming-q-02,1,2026-01-02T15:01:00.000Z,medium
synthetic-learner-030,financial-accounting,financial-accounting-q-03,0,2026-01-02T15:02:00.000Z,hard
synthetic-learner-030,fractions,fractions-q-04,1,2026-01-02T15:03:00.000Z,easy
synthetic-learner-030,newton-laws,newton-laws-q-05,0,2026-01-02T15:04:00.000Z,hard
synthetic-learner-030,hindi-grammar,hindi-grammar-q-06,0,2026-01-02T15:05:00.000Z,medium
synthetic-learner-030,financial-accounting,financial-accounting-q-07,0,2026-01-02T15:06:00.000Z,hard
synthetic-learner-030,fractions,fractions-q-08,0,2026-01-02T15:07:00.000Z,medium
synthetic-learner-030,newton-laws,newton-laws-q-09,0,2026-01-02T15:08:00.000Z,easy
synthetic-learner-030,indian-constitution,indian-constitution-q-10,1,2026-01-02T15:09:00.000Z,easy
synthetic-learner-030,newton-laws,newton-laws-q-11,0,2026-01-02T15:10:00.000Z,hard
synthetic-learner-030,financial-accounting,financial-accounting-q-12,0,2026-01-02T15:11:00.000Z,medium
synthetic-learner-030,hindi-grammar,hindi-grammar-q-01,0,2026-01-02T15:12:00.000Z,hard
synthetic-learner-030,algebra,algebra-q-02,0,2026-01-02T15:13:00.000Z,easy
synthetic-learner-030,financial-accounting,financial-accounting-q-03,0,2026-01-02T15:14:00.000Z,hard
synthetic-learner-030,python-programming,python-programming-q-04,1,2026-01-02T15:15:00.000Z,easy
synthetic-learner-030,photosynthesis,photosynthesis-q-05,0,2026-01-02T15:16:00.000Z,hard
synthetic-learner-030,financial-accounting,financial-accounting-q-06,0,2026-01-02T15:17:00.000Z,easy
synthetic-learner-030,hindi-grammar,hindi-grammar-q-07,1,2026-01-02T15:18:00.000Z,hard
synthetic-learner-030,photosynthesis,photosynthesis-q-08,0,2026-01-02T15:19:00.000Z,easy
synthetic-learner-030,algebra,algebra-q-09,1,2026-01-02T15:20:00.000Z,easy
synthetic-learner-030,hindi-grammar,hindi-grammar-q-10,1,2026-01-02T15:21:00.000Z,hard
synthetic-learner-030,python-programming,python-programming-q-11,0,2026-01-02T15:22:00.000Z,hard
synthetic-learner-030,hindi-grammar,hindi-grammar-q-12,0,2026-01-02T15:23:00.000Z,medium
synthetic-learner-030,newton-laws,newton-laws-q-01,0,2026-01-02T15:24:00.000Z,easy
synthetic-learner-030,hindi-grammar,hindi-grammar-q-02,0,2026-01-02T15:25:00.000Z,easy
synthetic-learner-030,algebra,algebra-q-03,0,2026-01-02T15:26:00.000Z,medium
synthetic-learner-030,python-programming,python-programming-q-04,1,2026-01-02T15:27:00.000Z,medium
synthetic-learner-031,algebra,algebra-q-01,0,2026-01-02T16:00:00.000Z,easy
synthetic-learner-031,hindi-grammar,hindi-grammar-q-02,0,2026-01-02T16:01:00.000Z,hard
synthetic-learner-031,financial-accounting,financial-accounting-q-03,0,2026-01-02T16:02:00.000Z,hard
synthetic-learner-031,newton-laws,newton-laws-q-04,1,2026-01-02T16:03:00.000Z,medium
synthetic-learner-031,newton-laws,newton-laws-q-05,1,2026-01-02T16:04:00.000Z,medium
synthetic-learner-031,algebra,algebra-q-06,1,2026-01-02T16:05:00.000Z,hard
synthetic-learner-031,fractions,fractions-q-07,0,2026-01-02T16:06:00.000Z,hard
synthetic-learner-031,financial-accounting,financial-accounting-q-08,1,2026-01-02T16:07:00.000Z,hard
synthetic-learner-031,financial-accounting,financial-accounting-q-09,1,2026-01-02T16:08:00.000Z,medium
synthetic-learner-031,python-programming,python-programming-q-10,1,2026-01-02T16:09:00.000Z,easy
synthetic-learner-031,indian-constitution,indian-constitution-q-11,1,2026-01-02T16:10:00.000Z,medium
synthetic-learner-031,hindi-grammar,hindi-grammar-q-12,1,2026-01-02T16:11:00.000Z,medium
synthetic-learner-031,financial-accounting,financial-accounting-q-01,1,2026-01-02T16:12:00.000Z,medium
synthetic-learner-031,photosynthesis,photosynthesis-q-02,0,2026-01-02T16:13:00.000Z,hard
synthetic-learner-031,algebra,algebra-q-03,0,2026-01-02T16:14:00.000Z,hard
synthetic-learner-031,algebra,algebra-q-04,0,2026-01-02T16:15:00.000Z,easy
synthetic-learner-031,indian-constitution,indian-constitution-q-05,0,2026-01-02T16:16:00.000Z,medium
synthetic-learner-031,indian-constitution,indian-constitution-q-06,0,2026-01-02T16:17:00.000Z,hard
synthetic-learner-031,indian-constitution,indian-constitution-q-07,1,2026-01-02T16:18:00.000Z,medium
synthetic-learner-031,indian-constitution,indian-constitution-q-08,1,2026-01-02T16:19:00.000Z,medium
synthetic-learner-031,indian-constitution,indian-constitution-q-09,0,2026-01-02T16:20:00.000Z,medium
synthetic-learner-031,algebra,algebra-q-10,0,2026-01-02T16:21:00.000Z,hard
synthetic-learner-031,python-programming,python-programming-q-11,1,2026-01-02T16:22:00.000Z,medium
synthetic-learner-031,python-programming,python-programming-q-12,1,2026-01-02T16:23:00.000Z,medium
synthetic-learner-031,fractions,fractions-q-01,0,2026-01-02T16:24:00.000Z,hard
synthetic-learner-031,python-programming,python-programming-q-02,1,2026-01-02T16:25:00.000Z,medium
synthetic-learner-031,financial-accounting,financial-accounting-q-03,1,2026-01-02T16:26:00.000Z,medium
synthetic-learner-031,financial-accounting,financial-accounting-q-04,1,2026-01-02T16:27:00.000Z,medium
synthetic-learner-032,photosynthesis,photosynthesis-q-01,0,2026-01-02T17:00:00.000Z,easy
synthetic-learner-032,fractions,fractions-q-02,0,2026-01-02T17:01:00.000Z,hard
synthetic-learner-032,algebra,algebra-q-03,0,2026-01-02T17:02:00.000Z,easy
synthetic-learner-032,hindi-grammar,hindi-grammar-q-04,0,2026-01-02T17:03:00.000Z,medium
synthetic-learner-032,algebra,algebra-q-05,1,2026-01-02T17:04:00.000Z,easy
synthetic-learner-032,fractions,fractions-q-06,0,2026-01-02T17:05:00.000Z,hard
synthetic-learner-032,financial-accounting,financial-accounting-q-07,0,2026-01-02T17:06:00.000Z,easy
synthetic-learner-032,python-programming,python-programming-q-08,0,2026-01-02T17:07:00.000Z,hard
synthetic-learner-032,hindi-grammar,hindi-grammar-q-09,1,2026-01-02T17:08:00.000Z,easy
synthetic-learner-032,photosynthesis,photosynthesis-q-10,0,2026-01-02T17:09:00.000Z,hard
synthetic-learner-032,fractions,fractions-q-11,0,2026-01-02T17:10:00.000Z,medium
synthetic-learner-032,hindi-grammar,hindi-grammar-q-12,0,2026-01-02T17:11:00.000Z,hard
synthetic-learner-032,hindi-grammar,hindi-grammar-q-01,0,2026-01-02T17:12:00.000Z,hard
synthetic-learner-032,financial-accounting,financial-accounting-q-02,0,2026-01-02T17:13:00.000Z,hard
synthetic-learner-032,photosynthesis,photosynthesis-q-03,0,2026-01-02T17:14:00.000Z,hard
synthetic-learner-032,indian-constitution,indian-constitution-q-04,1,2026-01-02T17:15:00.000Z,easy
synthetic-learner-032,indian-constitution,indian-constitution-q-05,1,2026-01-02T17:16:00.000Z,easy
synthetic-learner-032,indian-constitution,indian-constitution-q-06,0,2026-01-02T17:17:00.000Z,medium
synthetic-learner-032,fractions,fractions-q-07,0,2026-01-02T17:18:00.000Z,hard
synthetic-learner-032,python-programming,python-programming-q-08,1,2026-01-02T17:19:00.000Z,medium
synthetic-learner-032,hindi-grammar,hindi-grammar-q-09,1,2026-01-02T17:20:00.000Z,hard
synthetic-learner-032,newton-laws,newton-laws-q-10,0,2026-01-02T17:21:00.000Z,easy
synthetic-learner-032,indian-constitution,indian-constitution-q-11,0,2026-01-02T17:22:00.000Z,hard
synthetic-learner-032,hindi-grammar,hindi-grammar-q-12,0,2026-01-02T17:23:00.000Z,hard
synthetic-learner-032,newton-laws,newton-laws-q-01,1,2026-01-02T17:24:00.000Z,easy
synthetic-learner-032,newton-laws,newton-laws-q-02,0,2026-01-02T17:25:00.000Z,medium
synthetic-learner-032,indian-constitution,indian-constitution-q-03,1,2026-01-02T17:26:00.000Z,easy
synthetic-learner-032,python-programming,python-programming-q-04,0,2026-01-02T17:27:00.000Z,easy
synthetic-learner-033,hindi-grammar,hindi-grammar-q-01,0,2026-01-02T18:00:00.000Z,medium
synthetic-learner-033,python-programming,python-programming-q-02,1,2026-01-02T18:01:00.000Z,medium
synthetic-learner-033,financial-accounting,financial-accounting-q-03,0,2026-01-02T18:02:00.000Z,hard
synthetic-learner-033,python-programming,python-programming-q-04,0,2026-01-02T18:03:00.000Z,medium
synthetic-learner-033,financial-accounting,financial-accounting-q-05,0,2026-01-02T18:04:00.000Z,medium
synthetic-learner-033,photosynthesis,photosynthesis-q-06,0,2026-01-02T18:05:00.000Z,hard
synthetic-learner-033,newton-laws,newton-laws-q-07,0,2026-01-02T18:06:00.000Z,hard
synthetic-learner-033,financial-accounting,financial-accounting-q-08,1,2026-01-02T18:07:00.000Z,easy
synthetic-learner-033,hindi-grammar,hindi-grammar-q-09,1,2026-01-02T18:08:00.000Z,easy
synthetic-learner-033,photosynthesis,photosynthesis-q-10,0,2026-01-02T18:09:00.000Z,medium
synthetic-learner-033,photosynthesis,photosynthesis-q-11,0,2026-01-02T18:10:00.000Z,hard
synthetic-learner-033,hindi-grammar,hindi-grammar-q-12,0,2026-01-02T18:11:00.000Z,hard
synthetic-learner-033,photosynthesis,photosynthesis-q-01,0,2026-01-02T18:12:00.000Z,hard
synthetic-learner-033,python-programming,python-programming-q-02,1,2026-01-02T18:13:00.000Z,easy
synthetic-learner-033,newton-laws,newton-laws-q-03,1,2026-01-02T18:14:00.000Z,easy
synthetic-learner-033,algebra,algebra-q-04,0,2026-01-02T18:15:00.000Z,medium
synthetic-learner-033,python-programming,python-programming-q-05,1,2026-01-02T18:16:00.000Z,hard
synthetic-learner-033,fractions,fractions-q-06,0,2026-01-02T18:17:00.000Z,hard
synthetic-learner-033,fractions,fractions-q-07,1,2026-01-02T18:18:00.000Z,easy
synthetic-learner-033,photosynthesis,photosynthesis-q-08,0,2026-01-02T18:19:00.000Z,hard
synthetic-learner-033,algebra,algebra-q-09,1,2026-01-02T18:20:00.000Z,medium
synthetic-learner-033,financial-accounting,financial-accounting-q-10,1,2026-01-02T18:21:00.000Z,medium
synthetic-learner-033,financial-accounting,financial-accounting-q-11,1,2026-01-02T18:22:00.000Z,easy
synthetic-learner-033,indian-constitution,indian-constitution-q-12,0,2026-01-02T18:23:00.000Z,easy
synthetic-learner-033,hindi-grammar,hindi-grammar-q-01,0,2026-01-02T18:24:00.000Z,easy
synthetic-learner-033,photosynthesis,photosynthesis-q-02,0,2026-01-02T18:25:00.000Z,medium
synthetic-learner-033,fractions,fractions-q-03,0,2026-01-02T18:26:00.000Z,hard
synthetic-learner-033,financial-accounting,financial-accounting-q-04,0,2026-01-02T18:27:00.000Z,hard
synthetic-learner-034,hindi-grammar,hindi-grammar-q-01,1,2026-01-02T19:00:00.000Z,easy
synthetic-learner-034,photosynthesis,photosynthesis-q-02,1,2026-01-02T19:01:00.000Z,easy
synthetic-learner-034,newton-laws,newton-laws-q-03,0,2026-01-02T19:02:00.000Z,hard
synthetic-learner-034,indian-constitution,indian-constitution-q-04,0,2026-01-02T19:03:00.000Z,easy
synthetic-learner-034,hindi-grammar,hindi-grammar-q-05,1,2026-01-02T19:04:00.000Z,easy
synthetic-learner-034,hindi-grammar,hindi-grammar-q-06,1,2026-01-02T19:05:00.000Z,hard
synthetic-learner-034,financial-accounting,financial-accounting-q-07,0,2026-01-02T19:06:00.000Z,easy
synthetic-learner-034,financial-accounting,financial-accounting-q-08,0,2026-01-02T19:07:00.000Z,easy
synthetic-learner-034,newton-laws,newton-laws-q-09,0,2026-01-02T19:08:00.000Z,hard
synthetic-learner-034,fractions,fractions-q-10,0,2026-01-02T19:09:00.000Z,hard
synthetic-learner-034,fractions,fractions-q-11,1,2026-01-02T19:10:00.000Z,medium
synthetic-learner-034,fractions,fractions-q-12,0,2026-01-02T19:11:00.000Z,medium
synthetic-learner-034,fractions,fractions-q-01,1,2026-01-02T19:12:00.000Z,medium
synthetic-learner-034,newton-laws,newton-laws-q-02,0,2026-01-02T19:13:00.000Z,hard
synthetic-learner-034,hindi-grammar,hindi-grammar-q-03,1,2026-01-02T19:14:00.000Z,medium
synthetic-learner-034,algebra,algebra-q-04,0,2026-01-02T19:15:00.000Z,hard
synthetic-learner-034,hindi-grammar,hindi-grammar-q-05,0,2026-01-02T19:16:00.000Z,medium
synthetic-learner-034,indian-constitution,indian-constitution-q-06,0,2026-01-02T19:17:00.000Z,hard
synthetic-learner-034,photosynthesis,photosynthesis-q-07,0,2026-01-02T19:18:00.000Z,medium
synthetic-learner-034,newton-laws,newton-laws-q-08,0,2026-01-02T19:19:00.000Z,medium
synthetic-learner-034,photosynthesis,photosynthesis-q-09,0,2026-01-02T19:20:00.000Z,hard
synthetic-learner-034,algebra,algebra-q-10,0,2026-01-02T19:21:00.000Z,hard
synthetic-learner-034,photosynthesis,photosynthesis-q-11,0,2026-01-02T19:22:00.000Z,medium
synthetic-learner-034,hindi-grammar,hindi-grammar-q-12,1,2026-01-02T19:23:00.000Z,hard
synthetic-learner-034,photosynthesis,photosynthesis-q-01,0,2026-01-02T19:24:00.000Z,medium
synthetic-learner-034,photosynthesis,photosynthesis-q-02,0,2026-01-02T19:25:00.000Z,hard
synthetic-learner-034,hindi-grammar,hindi-grammar-q-03,1,2026-01-02T19:26:00.000Z,easy
synthetic-learner-034,hindi-grammar,hindi-grammar-q-04,0,2026-01-02T19:27:00.000Z,medium
synthetic-learner-035,photosynthesis,photosynthesis-q-01,1,2026-01-02T20:00:00.000Z,medium
synthetic-learner-035,hindi-grammar,hindi-grammar-q-02,0,2026-01-02T20:01:00.000Z,medium
synthetic-learner-035,photosynthesis,photosynthesis-q-03,1,2026-01-02T20:02:00.000Z,medium
synthetic-learner-035,photosynthesis,photosynthesis-q-04,0,2026-01-02T20:03:00.000Z,medium
synthetic-learner-035,hindi-grammar,hindi-grammar-q-05,0,2026-01-02T20:04:00.000Z,hard
synthetic-learner-035,python-programming,python-programming-q-06,1,2026-01-02T20:05:00.000Z,easy
synthetic-learner-035,algebra,algebra-q-07,0,2026-01-02T20:06:00.000Z,easy
synthetic-learner-035,financial-accounting,financial-accounting-q-08,0,2026-01-02T20:07:00.000Z,medium
synthetic-learner-035,indian-constitution,indian-constitution-q-09,0,2026-01-02T20:08:00.000Z,medium
synthetic-learner-035,fractions,fractions-q-10,0,2026-01-02T20:09:00.000Z,easy
synthetic-learner-035,python-programming,python-programming-q-11,0,2026-01-02T20:10:00.000Z,easy
synthetic-learner-035,hindi-grammar,hindi-grammar-q-12,0,2026-01-02T20:11:00.000Z,hard
synthetic-learner-035,newton-laws,newton-laws-q-01,1,2026-01-02T20:12:00.000Z,medium
synthetic-learner-035,financial-accounting,financial-accounting-q-02,0,2026-01-02T20:13:00.000Z,medium
synthetic-learner-035,fractions,fractions-q-03,0,2026-01-02T20:14:00.000Z,hard
synthetic-learner-035,algebra,algebra-q-04,0,2026-01-02T20:15:00.000Z,easy
synthetic-learner-035,newton-laws,newton-laws-q-05,1,2026-01-02T20:16:00.000Z,medium
synthetic-learner-035,photosynthesis,photosynthesis-q-06,0,2026-01-02T20:17:00.000Z,hard
synthetic-learner-035,fractions,fractions-q-07,0,2026-01-02T20:18:00.000Z,hard
synthetic-learner-035,financial-accounting,financial-accounting-q-08,1,2026-01-02T20:19:00.000Z,easy
synthetic-learner-035,fractions,fractions-q-09,0,2026-01-02T20:20:00.000Z,hard
synthetic-learner-035,fractions,fractions-q-10,0,2026-01-02T20:21:00.000Z,hard
synthetic-learner-035,hindi-grammar,hindi-grammar-q-11,0,2026-01-02T20:22:00.000Z,medium
synthetic-learner-035,hindi-grammar,hindi-grammar-q-12,0,2026-01-02T20:23:00.000Z,hard
synthetic-learner-035,algebra,algebra-q-01,1,2026-01-02T20:24:00.000Z,easy
synthetic-learner-035,indian-constitution,indian-constitution-q-02,1,2026-01-02T20:25:00.000Z,medium
synthetic-learner-035,indian-constitution,indian-constitution-q-03,0,2026-01-02T20:26:00.000Z,hard
synthetic-learner-035,photosynthesis,photosynthesis-q-04,0,2026-01-02T20:27:00.000Z,hard
synthetic-learner-036,fractions,fractions-q-01,1,2026-01-02T21:00:00.000Z,easy
synthetic-learner-036,fractions,fractions-q-02,1,2026-01-02T21:01:00.000Z,medium
synthetic-learner-036,hindi-grammar,hindi-grammar-q-03,0,2026-01-02T21:02:00.000Z,hard
synthetic-learner-036,photosynthesis,photosynthesis-q-04,0,2026-01-02T21:03:00.000Z,medium
synthetic-learner-036,newton-laws,newton-laws-q-05,1,2026-01-02T21:04:00.000Z,medium
synthetic-learner-036,newton-laws,newton-laws-q-06,0,2026-01-02T21:05:00.000Z,medium
synthetic-learner-036,indian-constitution,indian-constitution-q-07,0,2026-01-02T21:06:00.000Z,hard
synthetic-learner-036,financial-accounting,financial-accounting-q-08,0,2026-01-02T21:07:00.000Z,hard
synthetic-learner-036,python-programming,python-programming-q-09,1,2026-01-02T21:08:00.000Z,medium
synthetic-learner-036,financial-accounting,financial-accounting-q-10,0,2026-01-02T21:09:00.000Z,easy
synthetic-learner-036,python-programming,python-programming-q-11,0,2026-01-02T21:10:00.000Z,hard
synthetic-learner-036,newton-laws,newton-laws-q-12,1,2026-01-02T21:11:00.000Z,easy
synthetic-learner-036,hindi-grammar,hindi-grammar-q-01,0,2026-01-02T21:12:00.000Z,hard
synthetic-learner-036,algebra,algebra-q-02,0,2026-01-02T21:13:00.000Z,easy
synthetic-learner-036,hindi-grammar,hindi-grammar-q-03,0,2026-01-02T21:14:00.000Z,hard
synthetic-learner-036,photosynthesis,photosynthesis-q-04,0,2026-01-02T21:15:00.000Z,hard
synthetic-learner-036,algebra,algebra-q-05,1,2026-01-02T21:16:00.000Z,hard
synthetic-learner-036,algebra,algebra-q-06,1,2026-01-02T21:17:00.000Z,hard
synthetic-learner-036,python-programming,python-programming-q-07,0,2026-01-02T21:18:00.000Z,easy
synthetic-learner-036,hindi-grammar,hindi-grammar-q-08,0,2026-01-02T21:19:00.000Z,medium
synthetic-learner-036,algebra,algebra-q-09,0,2026-01-02T21:20:00.000Z,easy
synthetic-learner-036,newton-laws,newton-laws-q-10,1,2026-01-02T21:21:00.000Z,easy
synthetic-learner-036,indian-constitution,indian-constitution-q-11,0,2026-01-02T21:22:00.000Z,hard
synthetic-learner-036,newton-laws,newton-laws-q-12,1,2026-01-02T21:23:00.000Z,medium
synthetic-learner-036,fractions,fractions-q-01,1,2026-01-02T21:24:00.000Z,easy
synthetic-learner-036,fractions,fractions-q-02,1,2026-01-02T21:25:00.000Z,easy
synthetic-learner-036,indian-constitution,indian-constitution-q-03,0,2026-01-02T21:26:00.000Z,hard
synthetic-learner-036,hindi-grammar,hindi-grammar-q-04,0,2026-01-02T21:27:00.000Z,easy
synthetic-learner-037,financial-accounting,financial-accounting-q-01,0,2026-01-02T22:00:00.000Z,hard
synthetic-learner-037,financial-accounting,financial-accounting-q-02,1,2026-01-02T22:01:00.000Z,hard
synthetic-learner-037,newton-laws,newton-laws-q-03,0,2026-01-02T22:02:00.000Z,easy
synthetic-learner-037,photosynthesis,photosynthesis-q-04,0,2026-01-02T22:03:00.000Z,medium
synthetic-learner-037,hindi-grammar,hindi-grammar-q-05,0,2026-01-02T22:04:00.000Z,easy
synthetic-learner-037,python-programming,python-programming-q-06,0,2026-01-02T22:05:00.000Z,medium
synthetic-learner-037,financial-accounting,financial-accounting-q-07,1,2026-01-02T22:06:00.000Z,hard
synthetic-learner-037,hindi-grammar,hindi-grammar-q-08,0,2026-01-02T22:07:00.000Z,hard
synthetic-learner-037,hindi-grammar,hindi-grammar-q-09,0,2026-01-02T22:08:00.000Z,medium
synthetic-learner-037,photosynthesis,photosynthesis-q-10,0,2026-01-02T22:09:00.000Z,hard
synthetic-learner-037,newton-laws,newton-laws-q-11,0,2026-01-02T22:10:00.000Z,medium
synthetic-learner-037,fractions,fractions-q-12,0,2026-01-02T22:11:00.000Z,medium
synthetic-learner-037,financial-accounting,financial-accounting-q-01,1,2026-01-02T22:12:00.000Z,medium
synthetic-learner-037,financial-accounting,financial-accounting-q-02,0,2026-01-02T22:13:00.000Z,hard
synthetic-learner-037,algebra,algebra-q-03,0,2026-01-02T22:14:00.000Z,hard
synthetic-learner-037,financial-accounting,financial-accounting-q-04,0,2026-01-02T22:15:00.000Z,hard
synthetic-learner-037,financial-accounting,financial-accounting-q-05,1,2026-01-02T22:16:00.000Z,easy
synthetic-learner-037,financial-accounting,financial-accounting-q-06,0,2026-01-02T22:17:00.000Z,hard
synthetic-learner-037,photosynthesis,photosynthesis-q-07,1,2026-01-02T22:18:00.000Z,medium
synthetic-learner-037,photosynthesis,photosynthesis-q-08,1,2026-01-02T22:19:00.000Z,easy
synthetic-learner-037,newton-laws,newton-laws-q-09,0,2026-01-02T22:20:00.000Z,hard
synthetic-learner-037,newton-laws,newton-laws-q-10,0,2026-01-02T22:21:00.000Z,hard
synthetic-learner-037,python-programming,python-programming-q-11,0,2026-01-02T22:22:00.000Z,hard
synthetic-learner-037,newton-laws,newton-laws-q-12,0,2026-01-02T22:23:00.000Z,hard
synthetic-learner-037,python-programming,python-programming-q-01,0,2026-01-02T22:24:00.000Z,hard
synthetic-learner-037,newton-laws,newton-laws-q-02,0,2026-01-02T22:25:00.000Z,easy
synthetic-learner-037,newton-laws,newton-laws-q-03,1,2026-01-02T22:26:00.000Z,easy
synthetic-learner-037,python-programming,python-programming-q-04,0,2026-01-02T22:27:00.000Z,medium
synthetic-learner-038,photosynthesis,photosynthesis-q-01,1,2026-01-02T23:00:00.000Z,medium
synthetic-learner-038,newton-laws,newton-laws-q-02,0,2026-01-02T23:01:00.000Z,hard
synthetic-learner-038,algebra,algebra-q-03,0,2026-01-02T23:02:00.000Z,hard
synthetic-learner-038,python-programming,python-programming-q-04,0,2026-01-02T23:03:00.000Z,hard
synthetic-learner-038,financial-accounting,financial-accounting-q-05,1,2026-01-02T23:04:00.000Z,hard
synthetic-learner-038,algebra,algebra-q-06,0,2026-01-02T23:05:00.000Z,hard
synthetic-learner-038,photosynthesis,photosynthesis-q-07,0,2026-01-02T23:06:00.000Z,medium
synthetic-learner-038,fractions,fractions-q-08,0,2026-01-02T23:07:00.000Z,medium
synthetic-learner-038,indian-constitution,indian-constitution-q-09,0,2026-01-02T23:08:00.000Z,easy
synthetic-learner-038,python-programming,python-programming-q-10,0,2026-01-02T23:09:00.000Z,easy
synthetic-learner-038,financial-accounting,financial-accounting-q-11,1,2026-01-02T23:10:00.000Z,hard
synthetic-learner-038,financial-accounting,financial-accounting-q-12,1,2026-01-02T23:11:00.000Z,easy
synthetic-learner-038,fractions,fractions-q-01,0,2026-01-02T23:12:00.000Z,medium
synthetic-learner-038,algebra,algebra-q-02,0,2026-01-02T23:13:00.000Z,easy
synthetic-learner-038,newton-laws,newton-laws-q-03,0,2026-01-02T23:14:00.000Z,hard
synthetic-learner-038,photosynthesis,photosynthesis-q-04,1,2026-01-02T23:15:00.000Z,easy
synthetic-learner-038,financial-accounting,financial-accounting-q-05,0,2026-01-02T23:16:00.000Z,hard
synthetic-learner-038,financial-accounting,financial-accounting-q-06,1,2026-01-02T23:17:00.000Z,medium
synthetic-learner-038,indian-constitution,indian-constitution-q-07,0,2026-01-02T23:18:00.000Z,hard
synthetic-learner-038,hindi-grammar,hindi-grammar-q-08,1,2026-01-02T23:19:00.000Z,medium
synthetic-learner-038,python-programming,python-programming-q-09,1,2026-01-02T23:20:00.000Z,medium
synthetic-learner-038,financial-accounting,financial-accounting-q-10,0,2026-01-02T23:21:00.000Z,hard
synthetic-learner-038,indian-constitution,indian-constitution-q-11,1,2026-01-02T23:22:00.000Z,easy
synthetic-learner-038,algebra,algebra-q-12,0,2026-01-02T23:23:00.000Z,medium
synthetic-learner-038,newton-laws,newton-laws-q-01,0,2026-01-02T23:24:00.000Z,easy
synthetic-learner-038,indian-constitution,indian-constitution-q-02,1,2026-01-02T23:25:00.000Z,medium
synthetic-learner-038,hindi-grammar,hindi-grammar-q-03,0,2026-01-02T23:26:00.000Z,hard
synthetic-learner-038,fractions,fractions-q-04,0,2026-01-02T23:27:00.000Z,medium
synthetic-learner-039,photosynthesis,photosynthesis-q-01,0,2026-01-03T00:00:00.000Z,easy
synthetic-learner-039,financial-accounting,financial-accounting-q-02,0,2026-01-03T00:01:00.000Z,hard
synthetic-learner-039,algebra,algebra-q-03,0,2026-01-03T00:02:00.000Z,hard
synthetic-learner-039,fractions,fractions-q-04,1,2026-01-03T00:03:00.000Z,easy
synthetic-learner-039,financial-accounting,financial-accounting-q-05,1,2026-01-03T00:04:00.000Z,medium
synthetic-learner-039,newton-laws,newton-laws-q-06,0,2026-01-03T00:05:00.000Z,medium
synthetic-learner-039,financial-accounting,financial-accounting-q-07,0,2026-01-03T00:06:00.000Z,hard
synthetic-learner-039,hindi-grammar,hindi-grammar-q-08,1,2026-01-03T00:07:00.000Z,medium
synthetic-learner-039,indian-constitution,indian-constitution-q-09,0,2026-01-03T00:08:00.000Z,easy
synthetic-learner-039,hindi-grammar,hindi-grammar-q-10,1,2026-01-03T00:09:00.000Z,medium
synthetic-learner-039,financial-accounting,financial-accounting-q-11,0,2026-01-03T00:10:00.000Z,hard
synthetic-learner-039,fractions,fractions-q-12,0,2026-01-03T00:11:00.000Z,easy
synthetic-learner-039,newton-laws,newton-laws-q-01,0,2026-01-03T00:12:00.000Z,hard
synthetic-learner-039,python-programming,python-programming-q-02,1,2026-01-03T00:13:00.000Z,easy
synthetic-learner-039,hindi-grammar,hindi-grammar-q-03,0,2026-01-03T00:14:00.000Z,hard
synthetic-learner-039,financial-accounting,financial-accounting-q-04,1,2026-01-03T00:15:00.000Z,hard
synthetic-learner-039,newton-laws,newton-laws-q-05,1,2026-01-03T00:16:00.000Z,medium
synthetic-learner-039,financial-accounting,financial-accounting-q-06,1,2026-01-03T00:17:00.000Z,easy
synthetic-learner-039,algebra,algebra-q-07,0,2026-01-03T00:18:00.000Z,medium
synthetic-learner-039,indian-constitution,indian-constitution-q-08,0,2026-01-03T00:19:00.000Z,hard
synthetic-learner-039,financial-accounting,financial-accounting-q-09,1,2026-01-03T00:20:00.000Z,easy
synthetic-learner-039,indian-constitution,indian-constitution-q-10,0,2026-01-03T00:21:00.000Z,hard
synthetic-learner-039,hindi-grammar,hindi-grammar-q-11,1,2026-01-03T00:22:00.000Z,easy
synthetic-learner-039,financial-accounting,financial-accounting-q-12,1,2026-01-03T00:23:00.000Z,hard
synthetic-learner-039,photosynthesis,photosynthesis-q-01,1,2026-01-03T00:24:00.000Z,easy
synthetic-learner-039,indian-constitution,indian-constitution-q-02,0,2026-01-03T00:25:00.000Z,easy
synthetic-learner-039,fractions,fractions-q-03,1,2026-01-03T00:26:00.000Z,medium
synthetic-learner-039,indian-constitution,indian-constitution-q-04,0,2026-01-03T00:27:00.000Z,medium
synthetic-learner-040,fractions,fractions-q-01,1,2026-01-03T01:00:00.000Z,easy
synthetic-learner-040,financial-accounting,financial-accounting-q-02,1,2026-01-03T01:01:00.000Z,easy
synthetic-learner-040,indian-constitution,indian-constitution-q-03,0,2026-01-03T01:02:00.000Z,easy
synthetic-learner-040,newton-laws,newton-laws-q-04,0,2026-01-03T01:03:00.000Z,medium
synthetic-learner-040,photosynthesis,photosynthesis-q-05,0,2026-01-03T01:04:00.000Z,hard
synthetic-learner-040,algebra,algebra-q-06,0,2026-01-03T01:05:00.000Z,hard
synthetic-learner-040,python-programming,python-programming-q-07,0,2026-01-03T01:06:00.000Z,medium
synthetic-learner-040,newton-laws,newton-laws-q-08,0,2026-01-03T01:07:00.000Z,hard
synthetic-learner-040,fractions,fractions-q-09,0,2026-01-03T01:08:00.000Z,medium
synthetic-learner-040,photosynthesis,photosynthesis-q-10,0,2026-01-03T01:09:00.000Z,medium
synthetic-learner-040,photosynthesis,photosynthesis-q-11,0,2026-01-03T01:10:00.000Z,medium
synthetic-learner-040,fractions,fractions-q-12,0,2026-01-03T01:11:00.000Z,medium
synthetic-learner-040,indian-constitution,indian-constitution-q-01,0,2026-01-03T01:12:00.000Z,medium
synthetic-learner-040,hindi-grammar,hindi-grammar-q-02,0,2026-01-03T01:13:00.000Z,easy
synthetic-learner-040,hindi-grammar,hindi-grammar-q-03,1,2026-01-03T01:14:00.000Z,easy
synthetic-learner-040,python-programming,python-programming-q-04,1,2026-01-03T01:15:00.000Z,medium
synthetic-learner-040,hindi-grammar,hindi-grammar-q-05,0,2026-01-03T01:16:00.000Z,easy
synthetic-learner-040,algebra,algebra-q-06,1,2026-01-03T01:17:00.000Z,hard
synthetic-learner-040,indian-constitution,indian-constitution-q-07,1,2026-01-03T01:18:00.000Z,easy
synthetic-learner-040,hindi-grammar,hindi-grammar-q-08,0,2026-01-03T01:19:00.000Z,easy
synthetic-learner-040,hindi-grammar,hindi-grammar-q-09,0,2026-01-03T01:20:00.000Z,medium
synthetic-learner-040,algebra,algebra-q-10,0,2026-01-03T01:21:00.000Z,hard
synthetic-learner-040,hindi-grammar,hindi-grammar-q-11,0,2026-01-03T01:22:00.000Z,medium
synthetic-learner-040,fractions,fractions-q-12,1,2026-01-03T01:23:00.000Z,easy
synthetic-learner-040,financial-accounting,financial-accounting-q-01,1,2026-01-03T01:24:00.000Z,hard
synthetic-learner-040,fractions,fractions-q-02,1,2026-01-03T01:25:00.000Z,medium
synthetic-learner-040,fractions,fractions-q-03,0,2026-01-03T01:26:00.000Z,easy
synthetic-learner-040,newton-laws,newton-laws-q-04,1,2026-01-03T01:27:00.000Z,medium
synthetic-learner-041,fractions,fractions-q-01,1,2026-01-03T02:00:00.000Z,hard
synthetic-learner-041,python-programming,python-programming-q-02,1,2026-01-03T02:01:00.000Z,easy
synthetic-learner-041,indian-constitution,indian-constitution-q-03,1,2026-01-03T02:02:00.000Z,medium
synthetic-learner-041,algebra,algebra-q-04,1,2026-01-03T02:03:00.000Z,easy
synthetic-learner-041,fractions,fractions-q-05,0,2026-01-03T02:04:00.000Z,easy
synthetic-learner-041,fractions,fractions-q-06,0,2026-01-03T02:05:00.000Z,medium
synthetic-learner-041,fractions,fractions-q-07,0,2026-01-03T02:06:00.000Z,hard
synthetic-learner-041,indian-constitution,indian-constitution-q-08,0,2026-01-03T02:07:00.000Z,easy
synthetic-learner-041,python-programming,python-programming-q-09,1,2026-01-03T02:08:00.000Z,medium
synthetic-learner-041,newton-laws,newton-laws-q-10,1,2026-01-03T02:09:00.000Z,medium
synthetic-learner-041,algebra,algebra-q-11,0,2026-01-03T02:10:00.000Z,hard
synthetic-learner-041,fractions,fractions-q-12,0,2026-01-03T02:11:00.000Z,hard
synthetic-learner-041,python-programming,python-programming-q-01,1,2026-01-03T02:12:00.000Z,easy
synthetic-learner-041,algebra,algebra-q-02,1,2026-01-03T02:13:00.000Z,easy
synthetic-learner-041,algebra,algebra-q-03,1,2026-01-03T02:14:00.000Z,medium
synthetic-learner-041,hindi-grammar,hindi-grammar-q-04,0,2026-01-03T02:15:00.000Z,medium
synthetic-learner-041,python-programming,python-programming-q-05,1,2026-01-03T02:16:00.000Z,medium
synthetic-learner-041,photosynthesis,photosynthesis-q-06,0,2026-01-03T02:17:00.000Z,easy
synthetic-learner-041,fractions,fractions-q-07,0,2026-01-03T02:18:00.000Z,medium
synthetic-learner-041,indian-constitution,indian-constitution-q-08,1,2026-01-03T02:19:00.000Z,medium
synthetic-learner-041,algebra,algebra-q-09,1,2026-01-03T02:20:00.000Z,easy
synthetic-learner-041,financial-accounting,financial-accounting-q-10,0,2026-01-03T02:21:00.000Z,hard
synthetic-learner-041,financial-accounting,financial-accounting-q-11,0,2026-01-03T02:22:00.000Z,easy
synthetic-learner-041,indian-constitution,indian-constitution-q-12,1,2026-01-03T02:23:00.000Z,medium
synthetic-learner-041,financial-accounting,financial-accounting-q-01,0,2026-01-03T02:24:00.000Z,easy
synthetic-learner-041,python-programming,python-programming-q-02,1,2026-01-03T02:25:00.000Z,easy
synthetic-learner-041,python-programming,python-programming-q-03,0,2026-01-03T02:26:00.000Z,hard
synthetic-learner-041,indian-constitution,indian-constitution-q-04,0,2026-01-03T02:27:00.000Z,hard
synthetic-learner-042,financial-accounting,financial-accounting-q-01,1,2026-01-03T03:00:00.000Z,medium
synthetic-learner-042,hindi-grammar,hindi-grammar-q-02,1,2026-01-03T03:01:00.000Z,easy
synthetic-learner-042,fractions,fractions-q-03,0,2026-01-03T03:02:00.000Z,medium
synthetic-learner-042,algebra,algebra-q-04,0,2026-01-03T03:03:00.000Z,medium
synthetic-learner-042,indian-constitution,indian-constitution-q-05,1,2026-01-03T03:04:00.000Z,easy
synthetic-learner-042,algebra,algebra-q-06,0,2026-01-03T03:05:00.000Z,hard
synthetic-learner-042,financial-accounting,financial-accounting-q-07,1,2026-01-03T03:06:00.000Z,hard
synthetic-learner-042,python-programming,python-programming-q-08,0,2026-01-03T03:07:00.000Z,hard
synthetic-learner-042,financial-accounting,financial-accounting-q-09,1,2026-01-03T03:08:00.000Z,medium
synthetic-learner-042,hindi-grammar,hindi-grammar-q-10,0,2026-01-03T03:09:00.000Z,hard
synthetic-learner-042,indian-constitution,indian-constitution-q-11,1,2026-01-03T03:10:00.000Z,medium
synthetic-learner-042,hindi-grammar,hindi-grammar-q-12,0,2026-01-03T03:11:00.000Z,medium
synthetic-learner-042,fractions,fractions-q-01,0,2026-01-03T03:12:00.000Z,medium
synthetic-learner-042,financial-accounting,financial-accounting-q-02,0,2026-01-03T03:13:00.000Z,medium
synthetic-learner-042,fractions,fractions-q-03,0,2026-01-03T03:14:00.000Z,medium
synthetic-learner-042,fractions,fractions-q-04,0,2026-01-03T03:15:00.000Z,easy
synthetic-learner-042,financial-accounting,financial-accounting-q-05,1,2026-01-03T03:16:00.000Z,easy
synthetic-learner-042,indian-constitution,indian-constitution-q-06,1,2026-01-03T03:17:00.000Z,hard
synthetic-learner-042,fractions,fractions-q-07,0,2026-01-03T03:18:00.000Z,medium
synthetic-learner-042,python-programming,python-programming-q-08,0,2026-01-03T03:19:00.000Z,hard
synthetic-learner-042,indian-constitution,indian-constitution-q-09,1,2026-01-03T03:20:00.000Z,hard
synthetic-learner-042,python-programming,python-programming-q-10,0,2026-01-03T03:21:00.000Z,hard
synthetic-learner-042,newton-laws,newton-laws-q-11,1,2026-01-03T03:22:00.000Z,easy
synthetic-learner-042,fractions,fractions-q-12,0,2026-01-03T03:23:00.000Z,medium
synthetic-learner-042,indian-constitution,indian-constitution-q-01,1,2026-01-03T03:24:00.000Z,easy
synthetic-learner-042,python-programming,python-programming-q-02,0,2026-01-03T03:25:00.000Z,medium
synthetic-learner-042,photosynthesis,photosynthesis-q-03,0,2026-01-03T03:26:00.000Z,medium
synthetic-learner-042,financial-accounting,financial-accounting-q-04,0,2026-01-03T03:27:00.000Z,medium
synthetic-learner-043,photosynthesis,photosynthesis-q-01,0,2026-01-03T04:00:00.000Z,easy
synthetic-learner-043,photosynthesis,photosynthesis-q-02,0,2026-01-03T04:01:00.000Z,hard
synthetic-learner-043,fractions,fractions-q-03,0,2026-01-03T04:02:00.000Z,hard
synthetic-learner-043,hindi-grammar,hindi-grammar-q-04,1,2026-01-03T04:03:00.000Z,easy
synthetic-learner-043,python-programming,python-programming-q-05,1,2026-01-03T04:04:00.000Z,easy
synthetic-learner-043,photosynthesis,photosynthesis-q-06,0,2026-01-03T04:05:00.000Z,easy
synthetic-learner-043,fractions,fractions-q-07,1,2026-01-03T04:06:00.000Z,easy
synthetic-learner-043,fractions,fractions-q-08,0,2026-01-03T04:07:00.000Z,medium
synthetic-learner-043,photosynthesis,photosynthesis-q-09,0,2026-01-03T04:08:00.000Z,medium
synthetic-learner-043,indian-constitution,indian-constitution-q-10,1,2026-01-03T04:09:00.000Z,easy
synthetic-learner-043,fractions,fractions-q-11,1,2026-01-03T04:10:00.000Z,easy
synthetic-learner-043,photosynthesis,photosynthesis-q-12,0,2026-01-03T04:11:00.000Z,easy
synthetic-learner-043,financial-accounting,financial-accounting-q-01,0,2026-01-03T04:12:00.000Z,easy
synthetic-learner-043,python-programming,python-programming-q-02,0,2026-01-03T04:13:00.000Z,hard
synthetic-learner-043,photosynthesis,photosynthesis-q-03,0,2026-01-03T04:14:00.000Z,easy
synthetic-learner-043,fractions,fractions-q-04,1,2026-01-03T04:15:00.000Z,easy
synthetic-learner-043,newton-laws,newton-laws-q-05,1,2026-01-03T04:16:00.000Z,medium
synthetic-learner-043,python-programming,python-programming-q-06,1,2026-01-03T04:17:00.000Z,easy
synthetic-learner-043,newton-laws,newton-laws-q-07,0,2026-01-03T04:18:00.000Z,easy
synthetic-learner-043,fractions,fractions-q-08,0,2026-01-03T04:19:00.000Z,hard
synthetic-learner-043,python-programming,python-programming-q-09,0,2026-01-03T04:20:00.000Z,hard
synthetic-learner-043,photosynthesis,photosynthesis-q-10,0,2026-01-03T04:21:00.000Z,hard
synthetic-learner-043,fractions,fractions-q-11,1,2026-01-03T04:22:00.000Z,easy
synthetic-learner-043,python-programming,python-programming-q-12,0,2026-01-03T04:23:00.000Z,easy
synthetic-learner-043,python-programming,python-programming-q-01,0,2026-01-03T04:24:00.000Z,medium
synthetic-learner-043,python-programming,python-programming-q-02,1,2026-01-03T04:25:00.000Z,medium
synthetic-learner-043,algebra,algebra-q-03,0,2026-01-03T04:26:00.000Z,medium
synthetic-learner-043,fractions,fractions-q-04,1,2026-01-03T04:27:00.000Z,medium
synthetic-learner-044,financial-accounting,financial-accounting-q-01,0,2026-01-03T05:00:00.000Z,medium
synthetic-learner-044,hindi-grammar,hindi-grammar-q-02,1,2026-01-03T05:01:00.000Z,easy
synthetic-learner-044,python-programming,python-programming-q-03,0,2026-01-03T05:02:00.000Z,medium
synthetic-learner-044,python-programming,python-programming-q-04,0,2026-01-03T05:03:00.000Z,medium
synthetic-learner-044,hindi-grammar,hindi-grammar-q-05,1,2026-01-03T05:04:00.000Z,easy
synthetic-learner-044,financial-accounting,financial-accounting-q-06,0,2026-01-03T05:05:00.000Z,hard
synthetic-learner-044,photosynthesis,photosynthesis-q-07,0,2026-01-03T05:06:00.000Z,hard
synthetic-learner-044,financial-accounting,financial-accounting-q-08,1,2026-01-03T05:07:00.000Z,medium
synthetic-learner-044,python-programming,python-programming-q-09,0,2026-01-03T05:08:00.000Z,hard
synthetic-learner-044,photosynthesis,photosynthesis-q-10,1,2026-01-03T05:09:00.000Z,easy
synthetic-learner-044,fractions,fractions-q-11,1,2026-01-03T05:10:00.000Z,medium
synthetic-learner-044,newton-laws,newton-laws-q-12,1,2026-01-03T05:11:00.000Z,hard
synthetic-learner-044,indian-constitution,indian-constitution-q-01,0,2026-01-03T05:12:00.000Z,easy
synthetic-learner-044,python-programming,python-programming-q-02,1,2026-01-03T05:13:00.000Z,medium
synthetic-learner-044,fractions,fractions-q-03,0,2026-01-03T05:14:00.000Z,medium
synthetic-learner-044,indian-constitution,indian-constitution-q-04,0,2026-01-03T05:15:00.000Z,hard
synthetic-learner-044,hindi-grammar,hindi-grammar-q-05,0,2026-01-03T05:16:00.000Z,easy
synthetic-learner-044,fractions,fractions-q-06,1,2026-01-03T05:17:00.000Z,easy
synthetic-learner-044,fractions,fractions-q-07,0,2026-01-03T05:18:00.000Z,medium
synthetic-learner-044,newton-laws,newton-laws-q-08,1,2026-01-03T05:19:00.000Z,hard
synthetic-learner-044,newton-laws,newton-laws-q-09,1,2026-01-03T05:20:00.000Z,hard
synthetic-learner-044,indian-constitution,indian-constitution-q-10,1,2026-01-03T05:21:00.000Z,easy
synthetic-learner-044,algebra,algebra-q-11,0,2026-01-03T05:22:00.000Z,easy
synthetic-learner-044,photosynthesis,photosynthesis-q-12,1,2026-01-03T05:23:00.000Z,easy
synthetic-learner-044,photosynthesis,photosynthesis-q-01,0,2026-01-03T05:24:00.000Z,easy
synthetic-learner-044,financial-accounting,financial-accounting-q-02,0,2026-01-03T05:25:00.000Z,hard
synthetic-learner-044,fractions,fractions-q-03,1,2026-01-03T05:26:00.000Z,easy
synthetic-learner-044,algebra,algebra-q-04,0,2026-01-03T05:27:00.000Z,medium
synthetic-learner-045,financial-accounting,financial-accounting-q-01,0,2026-01-03T06:00:00.000Z,hard
synthetic-learner-045,fractions,fractions-q-02,0,2026-01-03T06:01:00.000Z,medium
synthetic-learner-045,indian-constitution,indian-constitution-q-03,1,2026-01-03T06:02:00.000Z,medium
synthetic-learner-045,algebra,algebra-q-04,0,2026-01-03T06:03:00.000Z,easy
synthetic-learner-045,algebra,algebra-q-05,0,2026-01-03T06:04:00.000Z,hard
synthetic-learner-045,newton-laws,newton-laws-q-06,0,2026-01-03T06:05:00.000Z,medium
synthetic-learner-045,photosynthesis,photosynthesis-q-07,0,2026-01-03T06:06:00.000Z,easy
synthetic-learner-045,python-programming,python-programming-q-08,1,2026-01-03T06:07:00.000Z,medium
synthetic-learner-045,newton-laws,newton-laws-q-09,0,2026-01-03T06:08:00.000Z,easy
synthetic-learner-045,python-programming,python-programming-q-10,1,2026-01-03T06:09:00.000Z,easy
synthetic-learner-045,newton-laws,newton-laws-q-11,1,2026-01-03T06:10:00.000Z,hard
synthetic-learner-045,algebra,algebra-q-12,1,2026-01-03T06:11:00.000Z,easy
synthetic-learner-045,algebra,algebra-q-01,1,2026-01-03T06:12:00.000Z,medium
synthetic-learner-045,indian-constitution,indian-constitution-q-02,0,2026-01-03T06:13:00.000Z,easy
synthetic-learner-045,newton-laws,newton-laws-q-03,1,2026-01-03T06:14:00.000Z,easy
synthetic-learner-045,financial-accounting,financial-accounting-q-04,0,2026-01-03T06:15:00.000Z,hard
synthetic-learner-045,fractions,fractions-q-05,1,2026-01-03T06:16:00.000Z,medium
synthetic-learner-045,photosynthesis,photosynthesis-q-06,1,2026-01-03T06:17:00.000Z,easy
synthetic-learner-045,photosynthesis,photosynthesis-q-07,0,2026-01-03T06:18:00.000Z,hard
synthetic-learner-045,financial-accounting,financial-accounting-q-08,1,2026-01-03T06:19:00.000Z,easy
synthetic-learner-045,python-programming,python-programming-q-09,0,2026-01-03T06:20:00.000Z,easy
synthetic-learner-045,financial-accounting,financial-accounting-q-10,1,2026-01-03T06:21:00.000Z,easy
synthetic-learner-045,newton-laws,newton-laws-q-11,0,2026-01-03T06:22:00.000Z,hard
synthetic-learner-045,algebra,algebra-q-12,0,2026-01-03T06:23:00.000Z,hard
synthetic-learner-045,python-programming,python-programming-q-01,0,2026-01-03T06:24:00.000Z,hard
synthetic-learner-045,fractions,fractions-q-02,0,2026-01-03T06:25:00.000Z,medium
synthetic-learner-045,newton-laws,newton-laws-q-03,0,2026-01-03T06:26:00.000Z,easy
synthetic-learner-045,fractions,fractions-q-04,1,2026-01-03T06:27:00.000Z,hard
synthetic-learner-046,financial-accounting,financial-accounting-q-01,0,2026-01-03T07:00:00.000Z,medium
synthetic-learner-046,hindi-grammar,hindi-grammar-q-02,0,2026-01-03T07:01:00.000Z,hard
synthetic-learner-046,fractions,fractions-q-03,0,2026-01-03T07:02:00.000Z,medium
synthetic-learner-046,newton-laws,newton-laws-q-04,0,2026-01-03T07:03:00.000Z,medium
synthetic-learner-046,python-programming,python-programming-q-05,0,2026-01-03T07:04:00.000Z,medium
synthetic-learner-046,financial-accounting,financial-accounting-q-06,0,2026-01-03T07:05:00.000Z,easy
synthetic-learner-046,algebra,algebra-q-07,0,2026-01-03T07:06:00.000Z,easy
synthetic-learner-046,newton-laws,newton-laws-q-08,0,2026-01-03T07:07:00.000Z,easy
synthetic-learner-046,financial-accounting,financial-accounting-q-09,0,2026-01-03T07:08:00.000Z,medium
synthetic-learner-046,financial-accounting,financial-accounting-q-10,1,2026-01-03T07:09:00.000Z,easy
synthetic-learner-046,indian-constitution,indian-constitution-q-11,0,2026-01-03T07:10:00.000Z,hard
synthetic-learner-046,financial-accounting,financial-accounting-q-12,0,2026-01-03T07:11:00.000Z,hard
synthetic-learner-046,hindi-grammar,hindi-grammar-q-01,0,2026-01-03T07:12:00.000Z,medium
synthetic-learner-046,algebra,algebra-q-02,0,2026-01-03T07:13:00.000Z,hard
synthetic-learner-046,photosynthesis,photosynthesis-q-03,0,2026-01-03T07:14:00.000Z,medium
synthetic-learner-046,algebra,algebra-q-04,0,2026-01-03T07:15:00.000Z,hard
synthetic-learner-046,hindi-grammar,hindi-grammar-q-05,0,2026-01-03T07:16:00.000Z,medium
synthetic-learner-046,indian-constitution,indian-constitution-q-06,0,2026-01-03T07:17:00.000Z,hard
synthetic-learner-046,newton-laws,newton-laws-q-07,0,2026-01-03T07:18:00.000Z,medium
synthetic-learner-046,photosynthesis,photosynthesis-q-08,1,2026-01-03T07:19:00.000Z,easy
synthetic-learner-046,financial-accounting,financial-accounting-q-09,0,2026-01-03T07:20:00.000Z,medium
synthetic-learner-046,algebra,algebra-q-10,1,2026-01-03T07:21:00.000Z,easy
synthetic-learner-046,newton-laws,newton-laws-q-11,0,2026-01-03T07:22:00.000Z,hard
synthetic-learner-046,financial-accounting,financial-accounting-q-12,1,2026-01-03T07:23:00.000Z,medium
synthetic-learner-046,financial-accounting,financial-accounting-q-01,0,2026-01-03T07:24:00.000Z,hard
synthetic-learner-046,newton-laws,newton-laws-q-02,0,2026-01-03T07:25:00.000Z,hard
synthetic-learner-046,fractions,fractions-q-03,0,2026-01-03T07:26:00.000Z,hard
synthetic-learner-046,algebra,algebra-q-04,1,2026-01-03T07:27:00.000Z,hard
synthetic-learner-047,algebra,algebra-q-01,0,2026-01-03T08:00:00.000Z,easy
synthetic-learner-047,financial-accounting,financial-accounting-q-02,0,2026-01-03T08:01:00.000Z,easy
synthetic-learner-047,fractions,fractions-q-03,1,2026-01-03T08:02:00.000Z,medium
synthetic-learner-047,hindi-grammar,hindi-grammar-q-04,0,2026-01-03T08:03:00.000Z,medium
synthetic-learner-047,fractions,fractions-q-05,1,2026-01-03T08:04:00.000Z,hard
synthetic-learner-047,fractions,fractions-q-06,0,2026-01-03T08:05:00.000Z,hard
synthetic-learner-047,photosynthesis,photosynthesis-q-07,0,2026-01-03T08:06:00.000Z,medium
synthetic-learner-047,indian-constitution,indian-constitution-q-08,1,2026-01-03T08:07:00.000Z,easy
synthetic-learner-047,algebra,algebra-q-09,0,2026-01-03T08:08:00.000Z,hard
synthetic-learner-047,newton-laws,newton-laws-q-10,0,2026-01-03T08:09:00.000Z,hard
synthetic-learner-047,financial-accounting,financial-accounting-q-11,1,2026-01-03T08:10:00.000Z,hard
synthetic-learner-047,python-programming,python-programming-q-12,1,2026-01-03T08:11:00.000Z,easy
synthetic-learner-047,indian-constitution,indian-constitution-q-01,1,2026-01-03T08:12:00.000Z,easy
synthetic-learner-047,python-programming,python-programming-q-02,1,2026-01-03T08:13:00.000Z,medium
synthetic-learner-047,algebra,algebra-q-03,1,2026-01-03T08:14:00.000Z,medium
synthetic-learner-047,newton-laws,newton-laws-q-04,0,2026-01-03T08:15:00.000Z,easy
synthetic-learner-047,indian-constitution,indian-constitution-q-05,1,2026-01-03T08:16:00.000Z,medium
synthetic-learner-047,indian-constitution,indian-constitution-q-06,1,2026-01-03T08:17:00.000Z,medium
synthetic-learner-047,newton-laws,newton-laws-q-07,0,2026-01-03T08:18:00.000Z,hard
synthetic-learner-047,python-programming,python-programming-q-08,1,2026-01-03T08:19:00.000Z,hard
synthetic-learner-047,algebra,algebra-q-09,1,2026-01-03T08:20:00.000Z,hard
synthetic-learner-047,indian-constitution,indian-constitution-q-10,0,2026-01-03T08:21:00.000Z,hard
synthetic-learner-047,indian-constitution,indian-constitution-q-11,1,2026-01-03T08:22:00.000Z,hard
synthetic-learner-047,fractions,fractions-q-12,0,2026-01-03T08:23:00.000Z,hard
synthetic-learner-047,newton-laws,newton-laws-q-01,1,2026-01-03T08:24:00.000Z,medium
synthetic-learner-047,python-programming,python-programming-q-02,1,2026-01-03T08:25:00.000Z,hard
synthetic-learner-047,fractions,fractions-q-03,1,2026-01-03T08:26:00.000Z,medium
synthetic-learner-047,financial-accounting,financial-accounting-q-04,0,2026-01-03T08:27:00.000Z,hard
synthetic-learner-048,hindi-grammar,hindi-grammar-q-01,1,2026-01-03T09:00:00.000Z,easy
synthetic-learner-048,newton-laws,newton-laws-q-02,1,2026-01-03T09:01:00.000Z,easy
synthetic-learner-048,financial-accounting,financial-accounting-q-03,1,2026-01-03T09:02:00.000Z,medium
synthetic-learner-048,financial-accounting,financial-accounting-q-04,1,2026-01-03T09:03:00.000Z,easy
synthetic-learner-048,fractions,fractions-q-05,1,2026-01-03T09:04:00.000Z,easy
synthetic-learner-048,newton-laws,newton-laws-q-06,1,2026-01-03T09:05:00.000Z,easy
synthetic-learner-048,python-programming,python-programming-q-07,0,2026-01-03T09:06:00.000Z,hard
synthetic-learner-048,fractions,fractions-q-08,0,2026-01-03T09:07:00.000Z,easy
synthetic-learner-048,financial-accounting,financial-accounting-q-09,1,2026-01-03T09:08:00.000Z,hard
synthetic-learner-048,newton-laws,newton-laws-q-10,0,2026-01-03T09:09:00.000Z,hard
synthetic-learner-048,algebra,algebra-q-11,0,2026-01-03T09:10:00.000Z,hard
synthetic-learner-048,indian-constitution,indian-constitution-q-12,0,2026-01-03T09:11:00.000Z,medium
synthetic-learner-048,indian-constitution,indian-constitution-q-01,0,2026-01-03T09:12:00.000Z,easy
synthetic-learner-048,indian-constitution,indian-constitution-q-02,0,2026-01-03T09:13:00.000Z,medium
synthetic-learner-048,photosynthesis,photosynthesis-q-03,0,2026-01-03T09:14:00.000Z,medium
synthetic-learner-048,photosynthesis,photosynthesis-q-04,0,2026-01-03T09:15:00.000Z,hard
synthetic-learner-048,fractions,fractions-q-05,0,2026-01-03T09:16:00.000Z,medium
synthetic-learner-048,photosynthesis,photosynthesis-q-06,0,2026-01-03T09:17:00.000Z,easy
synthetic-learner-048,financial-accounting,financial-accounting-q-07,1,2026-01-03T09:18:00.000Z,hard
synthetic-learner-048,financial-accounting,financial-accounting-q-08,1,2026-01-03T09:19:00.000Z,medium
synthetic-learner-048,newton-laws,newton-laws-q-09,0,2026-01-03T09:20:00.000Z,hard
synthetic-learner-048,algebra,algebra-q-10,0,2026-01-03T09:21:00.000Z,medium
synthetic-learner-048,python-programming,python-programming-q-11,0,2026-01-03T09:22:00.000Z,easy
synthetic-learner-048,newton-laws,newton-laws-q-12,0,2026-01-03T09:23:00.000Z,hard
synthetic-learner-048,hindi-grammar,hindi-grammar-q-01,1,2026-01-03T09:24:00.000Z,easy
synthetic-learner-048,fractions,fractions-q-02,1,2026-01-03T09:25:00.000Z,easy
synthetic-learner-048,indian-constitution,indian-constitution-q-03,0,2026-01-03T09:26:00.000Z,hard
synthetic-learner-048,financial-accounting,financial-accounting-q-04,1,2026-01-03T09:27:00.000Z,medium
synthetic-learner-049,algebra,algebra-q-01,1,2026-01-03T10:00:00.000Z,hard
synthetic-learner-049,algebra,algebra-q-02,1,2026-01-03T10:01:00.000Z,hard
synthetic-learner-049,newton-laws,newton-laws-q-03,0,2026-01-03T10:02:00.000Z,hard
synthetic-learner-049,financial-accounting,financial-accounting-q-04,1,2026-01-03T10:03:00.000Z,easy
synthetic-learner-049,photosynthesis,photosynthesis-q-05,0,2026-01-03T10:04:00.000Z,easy
synthetic-learner-049,algebra,algebra-q-06,1,2026-01-03T10:05:00.000Z,easy
synthetic-learner-049,newton-laws,newton-laws-q-07,0,2026-01-03T10:06:00.000Z,medium
synthetic-learner-049,financial-accounting,financial-accounting-q-08,1,2026-01-03T10:07:00.000Z,hard
synthetic-learner-049,indian-constitution,indian-constitution-q-09,1,2026-01-03T10:08:00.000Z,hard
synthetic-learner-049,indian-constitution,indian-constitution-q-10,0,2026-01-03T10:09:00.000Z,hard
synthetic-learner-049,indian-constitution,indian-constitution-q-11,1,2026-01-03T10:10:00.000Z,medium
synthetic-learner-049,photosynthesis,photosynthesis-q-12,1,2026-01-03T10:11:00.000Z,easy
synthetic-learner-049,photosynthesis,photosynthesis-q-01,0,2026-01-03T10:12:00.000Z,easy
synthetic-learner-049,indian-constitution,indian-constitution-q-02,1,2026-01-03T10:13:00.000Z,medium
synthetic-learner-049,photosynthesis,photosynthesis-q-03,0,2026-01-03T10:14:00.000Z,hard
synthetic-learner-049,python-programming,python-programming-q-04,1,2026-01-03T10:15:00.000Z,easy
synthetic-learner-049,newton-laws,newton-laws-q-05,0,2026-01-03T10:16:00.000Z,hard
synthetic-learner-049,hindi-grammar,hindi-grammar-q-06,0,2026-01-03T10:17:00.000Z,medium
synthetic-learner-049,python-programming,python-programming-q-07,0,2026-01-03T10:18:00.000Z,medium
synthetic-learner-049,hindi-grammar,hindi-grammar-q-08,1,2026-01-03T10:19:00.000Z,easy
synthetic-learner-049,fractions,fractions-q-09,1,2026-01-03T10:20:00.000Z,medium
synthetic-learner-049,fractions,fractions-q-10,1,2026-01-03T10:21:00.000Z,medium
synthetic-learner-049,newton-laws,newton-laws-q-11,0,2026-01-03T10:22:00.000Z,hard
synthetic-learner-049,photosynthesis,photosynthesis-q-12,0,2026-01-03T10:23:00.000Z,medium
synthetic-learner-049,python-programming,python-programming-q-01,0,2026-01-03T10:24:00.000Z,medium
synthetic-learner-049,indian-constitution,indian-constitution-q-02,0,2026-01-03T10:25:00.000Z,hard
synthetic-learner-049,fractions,fractions-q-03,1,2026-01-03T10:26:00.000Z,medium
synthetic-learner-049,python-programming,python-programming-q-04,0,2026-01-03T10:27:00.000Z,hard
synthetic-learner-050,algebra,algebra-q-01,1,2026-01-03T11:00:00.000Z,easy
synthetic-learner-050,fractions,fractions-q-02,0,2026-01-03T11:01:00.000Z,hard
synthetic-learner-050,financial-accounting,financial-accounting-q-03,1,2026-01-03T11:02:00.000Z,easy
synthetic-learner-050,algebra,algebra-q-04,1,2026-01-03T11:03:00.000Z,easy
synthetic-learner-050,photosynthesis,photosynthesis-q-05,0,2026-01-03T11:04:00.000Z,hard
synthetic-learner-050,newton-laws,newton-laws-q-06,1,2026-01-03T11:05:00.000Z,medium
synthetic-learner-050,python-programming,python-programming-q-07,1,2026-01-03T11:06:00.000Z,hard
synthetic-learner-050,fractions,fractions-q-08,1,2026-01-03T11:07:00.000Z,medium
synthetic-learner-050,newton-laws,newton-laws-q-09,0,2026-01-03T11:08:00.000Z,hard
synthetic-learner-050,fractions,fractions-q-10,1,2026-01-03T11:09:00.000Z,medium
synthetic-learner-050,python-programming,python-programming-q-11,0,2026-01-03T11:10:00.000Z,hard
synthetic-learner-050,photosynthesis,photosynthesis-q-12,0,2026-01-03T11:11:00.000Z,hard
synthetic-learner-050,newton-laws,newton-laws-q-01,0,2026-01-03T11:12:00.000Z,medium
synthetic-learner-050,fractions,fractions-q-02,0,2026-01-03T11:13:00.000Z,hard
synthetic-learner-050,fractions,fractions-q-03,1,2026-01-03T11:14:00.000Z,easy
synthetic-learner-050,photosynthesis,photosynthesis-q-04,1,2026-01-03T11:15:00.000Z,easy
synthetic-learner-050,financial-accounting,financial-accounting-q-05,0,2026-01-03T11:16:00.000Z,hard
synthetic-learner-050,algebra,algebra-q-06,0,2026-01-03T11:17:00.000Z,hard
synthetic-learner-050,python-programming,python-programming-q-07,0,2026-01-03T11:18:00.000Z,medium
synthetic-learner-050,newton-laws,newton-laws-q-08,1,2026-01-03T11:19:00.000Z,medium
synthetic-learner-050,financial-accounting,financial-accounting-q-09,1,2026-01-03T11:20:00.000Z,easy
synthetic-learner-050,newton-laws,newton-laws-q-10,0,2026-01-03T11:21:00.000Z,easy
synthetic-learner-050,fractions,fractions-q-11,1,2026-01-03T11:22:00.000Z,easy
synthetic-learner-050,algebra,algebra-q-12,1,2026-01-03T11:23:00.000Z,hard
synthetic-learner-050,indian-constitution,indian-constitution-q-01,0,2026-01-03T11:24:00.000Z,hard
synthetic-learner-050,algebra,algebra-q-02,1,2026-01-03T11:25:00.000Z,easy
synthetic-learner-050,financial-accounting,financial-accounting-q-03,0,2026-01-03T11:26:00.000Z,easy
synthetic-learner-050,python-programming,python-programming-q-04,0,2026-01-03T11:27:00.000Z,hard
synthetic-learner-051,newton-laws,newton-laws-q-01,0,2026-01-03T12:00:00.000Z,hard
synthetic-learner-051,indian-constitution,indian-constitution-q-02,0,2026-01-03T12:01:00.000Z,hard
synthetic-learner-051,hindi-grammar,hindi-grammar-q-03,1,2026-01-03T12:02:00.000Z,medium
synthetic-learner-051,hindi-grammar,hindi-grammar-q-04,0,2026-01-03T12:03:00.000Z,hard
synthetic-learner-051,fractions,fractions-q-05,1,2026-01-03T12:04:00.000Z,easy
synthetic-learner-051,algebra,algebra-q-06,0,2026-01-03T12:05:00.000Z,hard
synthetic-learner-051,photosynthesis,photosynthesis-q-07,0,2026-01-03T12:06:00.000Z,medium
synthetic-learner-051,financial-accounting,financial-accounting-q-08,0,2026-01-03T12:07:00.000Z,hard
synthetic-learner-051,photosynthesis,photosynthesis-q-09,0,2026-01-03T12:08:00.000Z,medium
synthetic-learner-051,photosynthesis,photosynthesis-q-10,0,2026-01-03T12:09:00.000Z,hard
synthetic-learner-051,financial-accounting,financial-accounting-q-11,1,2026-01-03T12:10:00.000Z,hard
synthetic-learner-051,python-programming,python-programming-q-12,0,2026-01-03T12:11:00.000Z,medium
synthetic-learner-051,algebra,algebra-q-01,0,2026-01-03T12:12:00.000Z,medium
synthetic-learner-051,newton-laws,newton-laws-q-02,1,2026-01-03T12:13:00.000Z,easy
synthetic-learner-051,algebra,algebra-q-03,1,2026-01-03T12:14:00.000Z,hard
synthetic-learner-051,hindi-grammar,hindi-grammar-q-04,0,2026-01-03T12:15:00.000Z,hard
synthetic-learner-051,algebra,algebra-q-05,1,2026-01-03T12:16:00.000Z,easy
synthetic-learner-051,financial-accounting,financial-accounting-q-06,1,2026-01-03T12:17:00.000Z,hard
synthetic-learner-051,newton-laws,newton-laws-q-07,0,2026-01-03T12:18:00.000Z,medium
synthetic-learner-051,indian-constitution,indian-constitution-q-08,1,2026-01-03T12:19:00.000Z,easy
synthetic-learner-051,hindi-grammar,hindi-grammar-q-09,0,2026-01-03T12:20:00.000Z,hard
synthetic-learner-051,python-programming,python-programming-q-10,1,2026-01-03T12:21:00.000Z,medium
synthetic-learner-051,algebra,algebra-q-11,0,2026-01-03T12:22:00.000Z,medium
synthetic-learner-051,newton-laws,newton-laws-q-12,1,2026-01-03T12:23:00.000Z,hard
synthetic-learner-051,photosynthesis,photosynthesis-q-01,0,2026-01-03T12:24:00.000Z,easy
synthetic-learner-051,algebra,algebra-q-02,0,2026-01-03T12:25:00.000Z,easy
synthetic-learner-051,indian-constitution,indian-constitution-q-03,0,2026-01-03T12:26:00.000Z,medium
synthetic-learner-051,indian-constitution,indian-constitution-q-04,0,2026-01-03T12:27:00.000Z,medium
synthetic-learner-052,algebra,algebra-q-01,1,2026-01-03T13:00:00.000Z,easy
synthetic-learner-052,fractions,fractions-q-02,1,2026-01-03T13:01:00.000Z,hard
synthetic-learner-052,newton-laws,newton-laws-q-03,1,2026-01-03T13:02:00.000Z,medium
synthetic-learner-052,photosynthesis,photosynthesis-q-04,1,2026-01-03T13:03:00.000Z,medium
synthetic-learner-052,newton-laws,newton-laws-q-05,0,2026-01-03T13:04:00.000Z,easy
synthetic-learner-052,photosynthesis,photosynthesis-q-06,0,2026-01-03T13:05:00.000Z,medium
synthetic-learner-052,fractions,fractions-q-07,0,2026-01-03T13:06:00.000Z,medium
synthetic-learner-052,algebra,algebra-q-08,1,2026-01-03T13:07:00.000Z,easy
synthetic-learner-052,fractions,fractions-q-09,0,2026-01-03T13:08:00.000Z,hard
synthetic-learner-052,python-programming,python-programming-q-10,0,2026-01-03T13:09:00.000Z,medium
synthetic-learner-052,hindi-grammar,hindi-grammar-q-11,1,2026-01-03T13:10:00.000Z,hard
synthetic-learner-052,indian-constitution,indian-constitution-q-12,0,2026-01-03T13:11:00.000Z,hard
synthetic-learner-052,newton-laws,newton-laws-q-01,1,2026-01-03T13:12:00.000Z,medium
synthetic-learner-052,photosynthesis,photosynthesis-q-02,0,2026-01-03T13:13:00.000Z,hard
synthetic-learner-052,newton-laws,newton-laws-q-03,1,2026-01-03T13:14:00.000Z,hard
synthetic-learner-052,algebra,algebra-q-04,1,2026-01-03T13:15:00.000Z,hard
synthetic-learner-052,algebra,algebra-q-05,0,2026-01-03T13:16:00.000Z,hard
synthetic-learner-052,photosynthesis,photosynthesis-q-06,1,2026-01-03T13:17:00.000Z,medium
synthetic-learner-052,hindi-grammar,hindi-grammar-q-07,1,2026-01-03T13:18:00.000Z,medium
synthetic-learner-052,python-programming,python-programming-q-08,0,2026-01-03T13:19:00.000Z,easy
synthetic-learner-052,python-programming,python-programming-q-09,0,2026-01-03T13:20:00.000Z,medium
synthetic-learner-052,newton-laws,newton-laws-q-10,0,2026-01-03T13:21:00.000Z,hard
synthetic-learner-052,algebra,algebra-q-11,1,2026-01-03T13:22:00.000Z,hard
synthetic-learner-052,financial-accounting,financial-accounting-q-12,1,2026-01-03T13:23:00.000Z,easy
synthetic-learner-052,algebra,algebra-q-01,1,2026-01-03T13:24:00.000Z,easy
synthetic-learner-052,financial-accounting,financial-accounting-q-02,0,2026-01-03T13:25:00.000Z,hard
synthetic-learner-052,algebra,algebra-q-03,0,2026-01-03T13:26:00.000Z,hard
synthetic-learner-052,python-programming,python-programming-q-04,0,2026-01-03T13:27:00.000Z,hard
synthetic-learner-053,hindi-grammar,hindi-grammar-q-01,0,2026-01-03T14:00:00.000Z,medium
synthetic-learner-053,photosynthesis,photosynthesis-q-02,0,2026-01-03T14:01:00.000Z,medium
synthetic-learner-053,indian-constitution,indian-constitution-q-03,1,2026-01-03T14:02:00.000Z,easy
synthetic-learner-053,photosynthesis,photosynthesis-q-04,1,2026-01-03T14:03:00.000Z,easy
synthetic-learner-053,newton-laws,newton-laws-q-05,0,2026-01-03T14:04:00.000Z,hard
synthetic-learner-053,fractions,fractions-q-06,1,2026-01-03T14:05:00.000Z,easy
synthetic-learner-053,hindi-grammar,hindi-grammar-q-07,1,2026-01-03T14:06:00.000Z,easy
synthetic-learner-053,algebra,algebra-q-08,1,2026-01-03T14:07:00.000Z,easy
synthetic-learner-053,fractions,fractions-q-09,1,2026-01-03T14:08:00.000Z,medium
synthetic-learner-053,fractions,fractions-q-10,0,2026-01-03T14:09:00.000Z,medium
synthetic-learner-053,newton-laws,newton-laws-q-11,1,2026-01-03T14:10:00.000Z,easy
synthetic-learner-053,newton-laws,newton-laws-q-12,0,2026-01-03T14:11:00.000Z,easy
synthetic-learner-053,fractions,fractions-q-01,1,2026-01-03T14:12:00.000Z,easy
synthetic-learner-053,fractions,fractions-q-02,0,2026-01-03T14:13:00.000Z,medium
synthetic-learner-053,indian-constitution,indian-constitution-q-03,0,2026-01-03T14:14:00.000Z,medium
synthetic-learner-053,indian-constitution,indian-constitution-q-04,0,2026-01-03T14:15:00.000Z,easy
synthetic-learner-053,python-programming,python-programming-q-05,0,2026-01-03T14:16:00.000Z,medium
synthetic-learner-053,algebra,algebra-q-06,0,2026-01-03T14:17:00.000Z,medium
synthetic-learner-053,python-programming,python-programming-q-07,0,2026-01-03T14:18:00.000Z,hard
synthetic-learner-053,financial-accounting,financial-accounting-q-08,1,2026-01-03T14:19:00.000Z,medium
synthetic-learner-053,financial-accounting,financial-accounting-q-09,1,2026-01-03T14:20:00.000Z,hard
synthetic-learner-053,algebra,algebra-q-10,0,2026-01-03T14:21:00.000Z,easy
synthetic-learner-053,hindi-grammar,hindi-grammar-q-11,0,2026-01-03T14:22:00.000Z,medium
synthetic-learner-053,hindi-grammar,hindi-grammar-q-12,1,2026-01-03T14:23:00.000Z,easy
synthetic-learner-053,python-programming,python-programming-q-01,0,2026-01-03T14:24:00.000Z,easy
synthetic-learner-053,financial-accounting,financial-accounting-q-02,1,2026-01-03T14:25:00.000Z,hard
synthetic-learner-053,python-programming,python-programming-q-03,0,2026-01-03T14:26:00.000Z,hard
synthetic-learner-053,photosynthesis,photosynthesis-q-04,0,2026-01-03T14:27:00.000Z,easy
synthetic-learner-054,indian-constitution,indian-constitution-q-01,1,2026-01-03T15:00:00.000Z,medium
synthetic-learner-054,algebra,algebra-q-02,0,2026-01-03T15:01:00.000Z,easy
synthetic-learner-054,algebra,algebra-q-03,0,2026-01-03T15:02:00.000Z,hard
synthetic-learner-054,financial-accounting,financial-accounting-q-04,1,2026-01-03T15:03:00.000Z,medium
synthetic-learner-054,newton-laws,newton-laws-q-05,0,2026-01-03T15:04:00.000Z,hard
synthetic-learner-054,algebra,algebra-q-06,0,2026-01-03T15:05:00.000Z,medium
synthetic-learner-054,financial-accounting,financial-accounting-q-07,1,2026-01-03T15:06:00.000Z,medium
synthetic-learner-054,hindi-grammar,hindi-grammar-q-08,0,2026-01-03T15:07:00.000Z,easy
synthetic-learner-054,newton-laws,newton-laws-q-09,1,2026-01-03T15:08:00.000Z,hard
synthetic-learner-054,financial-accounting,financial-accounting-q-10,1,2026-01-03T15:09:00.000Z,medium
synthetic-learner-054,python-programming,python-programming-q-11,0,2026-01-03T15:10:00.000Z,hard
synthetic-learner-054,photosynthesis,photosynthesis-q-12,0,2026-01-03T15:11:00.000Z,hard
synthetic-learner-054,newton-laws,newton-laws-q-01,1,2026-01-03T15:12:00.000Z,easy
synthetic-learner-054,python-programming,python-programming-q-02,0,2026-01-03T15:13:00.000Z,easy
synthetic-learner-054,photosynthesis,photosynthesis-q-03,0,2026-01-03T15:14:00.000Z,medium
synthetic-learner-054,python-programming,python-programming-q-04,1,2026-01-03T15:15:00.000Z,hard
synthetic-learner-054,fractions,fractions-q-05,0,2026-01-03T15:16:00.000Z,hard
synthetic-learner-054,algebra,algebra-q-06,0,2026-01-03T15:17:00.000Z,easy
synthetic-learner-054,python-programming,python-programming-q-07,0,2026-01-03T15:18:00.000Z,hard
synthetic-learner-054,algebra,algebra-q-08,0,2026-01-03T15:19:00.000Z,easy
synthetic-learner-054,financial-accounting,financial-accounting-q-09,1,2026-01-03T15:20:00.000Z,easy
synthetic-learner-054,python-programming,python-programming-q-10,0,2026-01-03T15:21:00.000Z,hard
synthetic-learner-054,hindi-grammar,hindi-grammar-q-11,0,2026-01-03T15:22:00.000Z,medium
synthetic-learner-054,python-programming,python-programming-q-12,1,2026-01-03T15:23:00.000Z,medium
synthetic-learner-054,indian-constitution,indian-constitution-q-01,1,2026-01-03T15:24:00.000Z,hard
synthetic-learner-054,newton-laws,newton-laws-q-02,1,2026-01-03T15:25:00.000Z,hard
synthetic-learner-054,python-programming,python-programming-q-03,0,2026-01-03T15:26:00.000Z,hard
synthetic-learner-054,indian-constitution,indian-constitution-q-04,1,2026-01-03T15:27:00.000Z,easy
synthetic-learner-055,python-programming,python-programming-q-01,1,2026-01-03T16:00:00.000Z,easy
synthetic-learner-055,financial-accounting,financial-accounting-q-02,1,2026-01-03T16:01:00.000Z,medium
synthetic-learner-055,photosynthesis,photosynthesis-q-03,1,2026-01-03T16:02:00.000Z,easy
synthetic-learner-055,fractions,fractions-q-04,1,2026-01-03T16:03:00.000Z,easy
synthetic-learner-055,newton-laws,newton-laws-q-05,1,2026-01-03T16:04:00.000Z,medium
synthetic-learner-055,financial-accounting,financial-accounting-q-06,1,2026-01-03T16:05:00.000Z,easy
synthetic-learner-055,photosynthesis,photosynthesis-q-07,0,2026-01-03T16:06:00.000Z,medium
synthetic-learner-055,newton-laws,newton-laws-q-08,1,2026-01-03T16:07:00.000Z,easy
synthetic-learner-055,indian-constitution,indian-constitution-q-09,0,2026-01-03T16:08:00.000Z,hard
synthetic-learner-055,financial-accounting,financial-accounting-q-10,0,2026-01-03T16:09:00.000Z,hard
synthetic-learner-055,indian-constitution,indian-constitution-q-11,0,2026-01-03T16:10:00.000Z,medium
synthetic-learner-055,financial-accounting,financial-accounting-q-12,0,2026-01-03T16:11:00.000Z,hard
synthetic-learner-055,photosynthesis,photosynthesis-q-01,0,2026-01-03T16:12:00.000Z,medium
synthetic-learner-055,photosynthesis,photosynthesis-q-02,0,2026-01-03T16:13:00.000Z,medium
synthetic-learner-055,indian-constitution,indian-constitution-q-03,0,2026-01-03T16:14:00.000Z,hard
synthetic-learner-055,newton-laws,newton-laws-q-04,1,2026-01-03T16:15:00.000Z,easy
synthetic-learner-055,fractions,fractions-q-05,1,2026-01-03T16:16:00.000Z,medium
synthetic-learner-055,hindi-grammar,hindi-grammar-q-06,0,2026-01-03T16:17:00.000Z,medium
synthetic-learner-055,photosynthesis,photosynthesis-q-07,0,2026-01-03T16:18:00.000Z,medium
synthetic-learner-055,python-programming,python-programming-q-08,1,2026-01-03T16:19:00.000Z,easy
synthetic-learner-055,newton-laws,newton-laws-q-09,0,2026-01-03T16:20:00.000Z,medium
synthetic-learner-055,financial-accounting,financial-accounting-q-10,0,2026-01-03T16:21:00.000Z,medium
synthetic-learner-055,algebra,algebra-q-11,0,2026-01-03T16:22:00.000Z,hard
synthetic-learner-055,fractions,fractions-q-12,1,2026-01-03T16:23:00.000Z,easy
synthetic-learner-055,algebra,algebra-q-01,1,2026-01-03T16:24:00.000Z,hard
synthetic-learner-055,newton-laws,newton-laws-q-02,1,2026-01-03T16:25:00.000Z,hard
synthetic-learner-055,financial-accounting,financial-accounting-q-03,1,2026-01-03T16:26:00.000Z,medium
synthetic-learner-055,python-programming,python-programming-q-04,1,2026-01-03T16:27:00.000Z,easy
synthetic-learner-056,newton-laws,newton-laws-q-01,0,2026-01-03T17:00:00.000Z,easy
synthetic-learner-056,indian-constitution,indian-constitution-q-02,0,2026-01-03T17:01:00.000Z,hard
synthetic-learner-056,hindi-grammar,hindi-grammar-q-03,0,2026-01-03T17:02:00.000Z,medium
synthetic-learner-056,financial-accounting,financial-accounting-q-04,0,2026-01-03T17:03:00.000Z,hard
synthetic-learner-056,financial-accounting,financial-accounting-q-05,0,2026-01-03T17:04:00.000Z,hard
synthetic-learner-056,algebra,algebra-q-06,0,2026-01-03T17:05:00.000Z,medium
synthetic-learner-056,photosynthesis,photosynthesis-q-07,0,2026-01-03T17:06:00.000Z,medium
synthetic-learner-056,photosynthesis,photosynthesis-q-08,1,2026-01-03T17:07:00.000Z,easy
synthetic-learner-056,python-programming,python-programming-q-09,1,2026-01-03T17:08:00.000Z,hard
synthetic-learner-056,python-programming,python-programming-q-10,1,2026-01-03T17:09:00.000Z,easy
synthetic-learner-056,indian-constitution,indian-constitution-q-11,0,2026-01-03T17:10:00.000Z,medium
synthetic-learner-056,hindi-grammar,hindi-grammar-q-12,0,2026-01-03T17:11:00.000Z,easy
synthetic-learner-056,hindi-grammar,hindi-grammar-q-01,0,2026-01-03T17:12:00.000Z,medium
synthetic-learner-056,hindi-grammar,hindi-grammar-q-02,0,2026-01-03T17:13:00.000Z,medium
synthetic-learner-056,algebra,algebra-q-03,1,2026-01-03T17:14:00.000Z,easy
synthetic-learner-056,financial-accounting,financial-accounting-q-04,0,2026-01-03T17:15:00.000Z,hard
synthetic-learner-056,newton-laws,newton-laws-q-05,1,2026-01-03T17:16:00.000Z,easy
synthetic-learner-056,python-programming,python-programming-q-06,1,2026-01-03T17:17:00.000Z,hard
synthetic-learner-056,python-programming,python-programming-q-07,0,2026-01-03T17:18:00.000Z,medium
synthetic-learner-056,python-programming,python-programming-q-08,1,2026-01-03T17:19:00.000Z,medium
synthetic-learner-056,newton-laws,newton-laws-q-09,0,2026-01-03T17:20:00.000Z,hard
synthetic-learner-056,hindi-grammar,hindi-grammar-q-10,0,2026-01-03T17:21:00.000Z,hard
synthetic-learner-056,algebra,algebra-q-11,1,2026-01-03T17:22:00.000Z,easy
synthetic-learner-056,python-programming,python-programming-q-12,1,2026-01-03T17:23:00.000Z,easy
synthetic-learner-056,hindi-grammar,hindi-grammar-q-01,0,2026-01-03T17:24:00.000Z,easy
synthetic-learner-056,indian-constitution,indian-constitution-q-02,0,2026-01-03T17:25:00.000Z,hard
synthetic-learner-056,python-programming,python-programming-q-03,1,2026-01-03T17:26:00.000Z,medium
synthetic-learner-056,python-programming,python-programming-q-04,1,2026-01-03T17:27:00.000Z,medium
synthetic-learner-057,algebra,algebra-q-01,0,2026-01-03T18:00:00.000Z,easy
synthetic-learner-057,financial-accounting,financial-accounting-q-02,0,2026-01-03T18:01:00.000Z,easy
synthetic-learner-057,indian-constitution,indian-constitution-q-03,0,2026-01-03T18:02:00.000Z,medium
synthetic-learner-057,python-programming,python-programming-q-04,1,2026-01-03T18:03:00.000Z,easy
synthetic-learner-057,python-programming,python-programming-q-05,0,2026-01-03T18:04:00.000Z,easy
synthetic-learner-057,algebra,algebra-q-06,0,2026-01-03T18:05:00.000Z,easy
synthetic-learner-057,algebra,algebra-q-07,1,2026-01-03T18:06:00.000Z,hard
synthetic-learner-057,python-programming,python-programming-q-08,0,2026-01-03T18:07:00.000Z,hard
synthetic-learner-057,newton-laws,newton-laws-q-09,0,2026-01-03T18:08:00.000Z,hard
synthetic-learner-057,hindi-grammar,hindi-grammar-q-10,0,2026-01-03T18:09:00.000Z,easy
synthetic-learner-057,python-programming,python-programming-q-11,1,2026-01-03T18:10:00.000Z,medium
synthetic-learner-057,indian-constitution,indian-constitution-q-12,1,2026-01-03T18:11:00.000Z,hard
synthetic-learner-057,newton-laws,newton-laws-q-01,1,2026-01-03T18:12:00.000Z,medium
synthetic-learner-057,python-programming,python-programming-q-02,1,2026-01-03T18:13:00.000Z,hard
synthetic-learner-057,indian-constitution,indian-constitution-q-03,1,2026-01-03T18:14:00.000Z,medium
synthetic-learner-057,python-programming,python-programming-q-04,1,2026-01-03T18:15:00.000Z,easy
synthetic-learner-057,newton-laws,newton-laws-q-05,0,2026-01-03T18:16:00.000Z,hard
synthetic-learner-057,fractions,fractions-q-06,1,2026-01-03T18:17:00.000Z,medium
synthetic-learner-057,photosynthesis,photosynthesis-q-07,0,2026-01-03T18:18:00.000Z,medium
synthetic-learner-057,fractions,fractions-q-08,0,2026-01-03T18:19:00.000Z,medium
synthetic-learner-057,indian-constitution,indian-constitution-q-09,1,2026-01-03T18:20:00.000Z,easy
synthetic-learner-057,fractions,fractions-q-10,0,2026-01-03T18:21:00.000Z,hard
synthetic-learner-057,python-programming,python-programming-q-11,0,2026-01-03T18:22:00.000Z,medium
synthetic-learner-057,photosynthesis,photosynthesis-q-12,1,2026-01-03T18:23:00.000Z,easy
synthetic-learner-057,newton-laws,newton-laws-q-01,0,2026-01-03T18:24:00.000Z,medium
synthetic-learner-057,fractions,fractions-q-02,0,2026-01-03T18:25:00.000Z,hard
synthetic-learner-057,indian-constitution,indian-constitution-q-03,1,2026-01-03T18:26:00.000Z,hard
synthetic-learner-057,indian-constitution,indian-constitution-q-04,1,2026-01-03T18:27:00.000Z,easy
synthetic-learner-058,hindi-grammar,hindi-grammar-q-01,1,2026-01-03T19:00:00.000Z,medium
synthetic-learner-058,photosynthesis,photosynthesis-q-02,0,2026-01-03T19:01:00.000Z,medium
synthetic-learner-058,algebra,algebra-q-03,1,2026-01-03T19:02:00.000Z,easy
synthetic-learner-058,newton-laws,newton-laws-q-04,0,2026-01-03T19:03:00.000Z,medium
synthetic-learner-058,hindi-grammar,hindi-grammar-q-05,0,2026-01-03T19:04:00.000Z,hard
synthetic-learner-058,financial-accounting,financial-accounting-q-06,1,2026-01-03T19:05:00.000Z,medium
synthetic-learner-058,algebra,algebra-q-07,1,2026-01-03T19:06:00.000Z,easy
synthetic-learner-058,financial-accounting,financial-accounting-q-08,0,2026-01-03T19:07:00.000Z,medium
synthetic-learner-058,newton-laws,newton-laws-q-09,0,2026-01-03T19:08:00.000Z,hard
synthetic-learner-058,indian-constitution,indian-constitution-q-10,0,2026-01-03T19:09:00.000Z,medium
synthetic-learner-058,fractions,fractions-q-11,0,2026-01-03T19:10:00.000Z,hard
synthetic-learner-058,financial-accounting,financial-accounting-q-12,1,2026-01-03T19:11:00.000Z,medium
synthetic-learner-058,newton-laws,newton-laws-q-01,1,2026-01-03T19:12:00.000Z,easy
synthetic-learner-058,financial-accounting,financial-accounting-q-02,1,2026-01-03T19:13:00.000Z,medium
synthetic-learner-058,photosynthesis,photosynthesis-q-03,0,2026-01-03T19:14:00.000Z,easy
synthetic-learner-058,photosynthesis,photosynthesis-q-04,0,2026-01-03T19:15:00.000Z,hard
synthetic-learner-058,python-programming,python-programming-q-05,0,2026-01-03T19:16:00.000Z,medium
synthetic-learner-058,photosynthesis,photosynthesis-q-06,0,2026-01-03T19:17:00.000Z,medium
synthetic-learner-058,financial-accounting,financial-accounting-q-07,0,2026-01-03T19:18:00.000Z,medium
synthetic-learner-058,algebra,algebra-q-08,1,2026-01-03T19:19:00.000Z,medium
synthetic-learner-058,financial-accounting,financial-accounting-q-09,1,2026-01-03T19:20:00.000Z,hard
synthetic-learner-058,algebra,algebra-q-10,1,2026-01-03T19:21:00.000Z,easy
synthetic-learner-058,photosynthesis,photosynthesis-q-11,1,2026-01-03T19:22:00.000Z,medium
synthetic-learner-058,fractions,fractions-q-12,0,2026-01-03T19:23:00.000Z,hard
synthetic-learner-058,algebra,algebra-q-01,1,2026-01-03T19:24:00.000Z,hard
synthetic-learner-058,indian-constitution,indian-constitution-q-02,0,2026-01-03T19:25:00.000Z,hard
synthetic-learner-058,photosynthesis,photosynthesis-q-03,1,2026-01-03T19:26:00.000Z,easy
synthetic-learner-058,algebra,algebra-q-04,1,2026-01-03T19:27:00.000Z,medium
synthetic-learner-059,newton-laws,newton-laws-q-01,1,2026-01-03T20:00:00.000Z,easy
synthetic-learner-059,indian-constitution,indian-constitution-q-02,1,2026-01-03T20:01:00.000Z,hard
synthetic-learner-059,algebra,algebra-q-03,0,2026-01-03T20:02:00.000Z,hard
synthetic-learner-059,fractions,fractions-q-04,0,2026-01-03T20:03:00.000Z,hard
synthetic-learner-059,fractions,fractions-q-05,1,2026-01-03T20:04:00.000Z,hard
synthetic-learner-059,python-programming,python-programming-q-06,0,2026-01-03T20:05:00.000Z,hard
synthetic-learner-059,hindi-grammar,hindi-grammar-q-07,1,2026-01-03T20:06:00.000Z,medium
synthetic-learner-059,photosynthesis,photosynthesis-q-08,0,2026-01-03T20:07:00.000Z,hard
synthetic-learner-059,financial-accounting,financial-accounting-q-09,0,2026-01-03T20:08:00.000Z,hard
synthetic-learner-059,hindi-grammar,hindi-grammar-q-10,1,2026-01-03T20:09:00.000Z,easy
synthetic-learner-059,photosynthesis,photosynthesis-q-11,0,2026-01-03T20:10:00.000Z,hard
synthetic-learner-059,financial-accounting,financial-accounting-q-12,0,2026-01-03T20:11:00.000Z,hard
synthetic-learner-059,hindi-grammar,hindi-grammar-q-01,0,2026-01-03T20:12:00.000Z,hard
synthetic-learner-059,indian-constitution,indian-constitution-q-02,0,2026-01-03T20:13:00.000Z,hard
synthetic-learner-059,financial-accounting,financial-accounting-q-03,1,2026-01-03T20:14:00.000Z,easy
synthetic-learner-059,python-programming,python-programming-q-04,0,2026-01-03T20:15:00.000Z,medium
synthetic-learner-059,financial-accounting,financial-accounting-q-05,1,2026-01-03T20:16:00.000Z,easy
synthetic-learner-059,indian-constitution,indian-constitution-q-06,0,2026-01-03T20:17:00.000Z,hard
synthetic-learner-059,fractions,fractions-q-07,1,2026-01-03T20:18:00.000Z,hard
synthetic-learner-059,python-programming,python-programming-q-08,1,2026-01-03T20:19:00.000Z,easy
synthetic-learner-059,algebra,algebra-q-09,0,2026-01-03T20:20:00.000Z,medium
synthetic-learner-059,financial-accounting,financial-accounting-q-10,0,2026-01-03T20:21:00.000Z,hard
synthetic-learner-059,fractions,fractions-q-11,0,2026-01-03T20:22:00.000Z,hard
synthetic-learner-059,fractions,fractions-q-12,1,2026-01-03T20:23:00.000Z,medium
synthetic-learner-059,fractions,fractions-q-01,0,2026-01-03T20:24:00.000Z,easy
synthetic-learner-059,photosynthesis,photosynthesis-q-02,0,2026-01-03T20:25:00.000Z,hard
synthetic-learner-059,photosynthesis,photosynthesis-q-03,0,2026-01-03T20:26:00.000Z,easy
synthetic-learner-059,algebra,algebra-q-04,0,2026-01-03T20:27:00.000Z,hard
synthetic-learner-060,hindi-grammar,hindi-grammar-q-01,1,2026-01-03T21:00:00.000Z,easy
synthetic-learner-060,python-programming,python-programming-q-02,1,2026-01-03T21:01:00.000Z,hard
synthetic-learner-060,newton-laws,newton-laws-q-03,0,2026-01-03T21:02:00.000Z,medium
synthetic-learner-060,python-programming,python-programming-q-04,0,2026-01-03T21:03:00.000Z,hard
synthetic-learner-060,python-programming,python-programming-q-05,0,2026-01-03T21:04:00.000Z,medium
synthetic-learner-060,financial-accounting,financial-accounting-q-06,0,2026-01-03T21:05:00.000Z,hard
synthetic-learner-060,financial-accounting,financial-accounting-q-07,0,2026-01-03T21:06:00.000Z,easy
synthetic-learner-060,photosynthesis,photosynthesis-q-08,0,2026-01-03T21:07:00.000Z,hard
synthetic-learner-060,algebra,algebra-q-09,0,2026-01-03T21:08:00.000Z,medium
synthetic-learner-060,hindi-grammar,hindi-grammar-q-10,0,2026-01-03T21:09:00.000Z,hard
synthetic-learner-060,photosynthesis,photosynthesis-q-11,1,2026-01-03T21:10:00.000Z,medium
synthetic-learner-060,fractions,fractions-q-12,0,2026-01-03T21:11:00.000Z,medium
synthetic-learner-060,hindi-grammar,hindi-grammar-q-01,0,2026-01-03T21:12:00.000Z,hard
synthetic-learner-060,python-programming,python-programming-q-02,0,2026-01-03T21:13:00.000Z,medium
synthetic-learner-060,algebra,algebra-q-03,0,2026-01-03T21:14:00.000Z,easy
synthetic-learner-060,hindi-grammar,hindi-grammar-q-04,0,2026-01-03T21:15:00.000Z,hard
synthetic-learner-060,photosynthesis,photosynthesis-q-05,1,2026-01-03T21:16:00.000Z,medium
synthetic-learner-060,indian-constitution,indian-constitution-q-06,0,2026-01-03T21:17:00.000Z,hard
synthetic-learner-060,python-programming,python-programming-q-07,0,2026-01-03T21:18:00.000Z,easy
synthetic-learner-060,photosynthesis,photosynthesis-q-08,0,2026-01-03T21:19:00.000Z,medium
synthetic-learner-060,financial-accounting,financial-accounting-q-09,0,2026-01-03T21:20:00.000Z,medium
synthetic-learner-060,fractions,fractions-q-10,0,2026-01-03T21:21:00.000Z,medium
synthetic-learner-060,financial-accounting,financial-accounting-q-11,0,2026-01-03T21:22:00.000Z,easy
synthetic-learner-060,newton-laws,newton-laws-q-12,0,2026-01-03T21:23:00.000Z,hard
synthetic-learner-060,hindi-grammar,hindi-grammar-q-01,0,2026-01-03T21:24:00.000Z,medium
synthetic-learner-060,photosynthesis,photosynthesis-q-02,1,2026-01-03T21:25:00.000Z,easy
synthetic-learner-060,fractions,fractions-q-03,0,2026-01-03T21:26:00.000Z,hard
synthetic-learner-060,python-programming,python-programming-q-04,0,2026-01-03T21:27:00.000Z,hard
synthetic-learner-061,algebra,algebra-q-01,0,2026-01-03T22:00:00.000Z,medium
synthetic-learner-061,indian-constitution,indian-constitution-q-02,0,2026-01-03T22:01:00.000Z,medium
synthetic-learner-061,financial-accounting,financial-accounting-q-03,1,2026-01-03T22:02:00.000Z,easy
synthetic-learner-061,newton-laws,newton-laws-q-04,0,2026-01-03T22:03:00.000Z,hard
synthetic-learner-061,photosynthesis,photosynthesis-q-05,1,2026-01-03T22:04:00.000Z,easy
synthetic-learner-061,indian-constitution,indian-constitution-q-06,0,2026-01-03T22:05:00.000Z,hard
synthetic-learner-061,hindi-grammar,hindi-grammar-q-07,0,2026-01-03T22:06:00.000Z,easy
synthetic-learner-061,financial-accounting,financial-accounting-q-08,1,2026-01-03T22:07:00.000Z,medium
synthetic-learner-061,financial-accounting,financial-accounting-q-09,1,2026-01-03T22:08:00.000Z,medium
synthetic-learner-061,newton-laws,newton-laws-q-10,0,2026-01-03T22:09:00.000Z,easy
synthetic-learner-061,hindi-grammar,hindi-grammar-q-11,1,2026-01-03T22:10:00.000Z,easy
synthetic-learner-061,python-programming,python-programming-q-12,0,2026-01-03T22:11:00.000Z,medium
synthetic-learner-061,algebra,algebra-q-01,0,2026-01-03T22:12:00.000Z,medium
synthetic-learner-061,newton-laws,newton-laws-q-02,0,2026-01-03T22:13:00.000Z,medium
synthetic-learner-061,financial-accounting,financial-accounting-q-03,1,2026-01-03T22:14:00.000Z,medium
synthetic-learner-061,financial-accounting,financial-accounting-q-04,0,2026-01-03T22:15:00.000Z,easy
synthetic-learner-061,indian-constitution,indian-constitution-q-05,1,2026-01-03T22:16:00.000Z,medium
synthetic-learner-061,financial-accounting,financial-accounting-q-06,1,2026-01-03T22:17:00.000Z,hard
synthetic-learner-061,algebra,algebra-q-07,0,2026-01-03T22:18:00.000Z,easy
synthetic-learner-061,python-programming,python-programming-q-08,0,2026-01-03T22:19:00.000Z,easy
synthetic-learner-061,indian-constitution,indian-constitution-q-09,0,2026-01-03T22:20:00.000Z,medium
synthetic-learner-061,indian-constitution,indian-constitution-q-10,0,2026-01-03T22:21:00.000Z,hard
synthetic-learner-061,indian-constitution,indian-constitution-q-11,1,2026-01-03T22:22:00.000Z,easy
synthetic-learner-061,financial-accounting,financial-accounting-q-12,0,2026-01-03T22:23:00.000Z,easy
synthetic-learner-061,python-programming,python-programming-q-01,0,2026-01-03T22:24:00.000Z,hard
synthetic-learner-061,newton-laws,newton-laws-q-02,0,2026-01-03T22:25:00.000Z,medium
synthetic-learner-061,indian-constitution,indian-constitution-q-03,1,2026-01-03T22:26:00.000Z,easy
synthetic-learner-061,newton-laws,newton-laws-q-04,0,2026-01-03T22:27:00.000Z,medium
synthetic-learner-062,financial-accounting,financial-accounting-q-01,0,2026-01-03T23:00:00.000Z,hard
synthetic-learner-062,newton-laws,newton-laws-q-02,1,2026-01-03T23:01:00.000Z,easy
synthetic-learner-062,hindi-grammar,hindi-grammar-q-03,0,2026-01-03T23:02:00.000Z,medium
synthetic-learner-062,indian-constitution,indian-constitution-q-04,1,2026-01-03T23:03:00.000Z,medium
synthetic-learner-062,photosynthesis,photosynthesis-q-05,0,2026-01-03T23:04:00.000Z,medium
synthetic-learner-062,fractions,fractions-q-06,0,2026-01-03T23:05:00.000Z,hard
synthetic-learner-062,indian-constitution,indian-constitution-q-07,0,2026-01-03T23:06:00.000Z,easy
synthetic-learner-062,algebra,algebra-q-08,1,2026-01-03T23:07:00.000Z,hard
synthetic-learner-062,photosynthesis,photosynthesis-q-09,0,2026-01-03T23:08:00.000Z,medium
synthetic-learner-062,hindi-grammar,hindi-grammar-q-10,1,2026-01-03T23:09:00.000Z,easy
synthetic-learner-062,photosynthesis,photosynthesis-q-11,0,2026-01-03T23:10:00.000Z,medium
synthetic-learner-062,python-programming,python-programming-q-12,1,2026-01-03T23:11:00.000Z,hard
synthetic-learner-062,hindi-grammar,hindi-grammar-q-01,1,2026-01-03T23:12:00.000Z,medium
synthetic-learner-062,fractions,fractions-q-02,0,2026-01-03T23:13:00.000Z,hard
synthetic-learner-062,algebra,algebra-q-03,0,2026-01-03T23:14:00.000Z,medium
synthetic-learner-062,newton-laws,newton-laws-q-04,1,2026-01-03T23:15:00.000Z,hard
synthetic-learner-062,hindi-grammar,hindi-grammar-q-05,0,2026-01-03T23:16:00.000Z,hard
synthetic-learner-062,algebra,algebra-q-06,0,2026-01-03T23:17:00.000Z,hard
synthetic-learner-062,financial-accounting,financial-accounting-q-07,0,2026-01-03T23:18:00.000Z,hard
synthetic-learner-062,python-programming,python-programming-q-08,1,2026-01-03T23:19:00.000Z,medium
synthetic-learner-062,hindi-grammar,hindi-grammar-q-09,0,2026-01-03T23:20:00.000Z,medium
synthetic-learner-062,indian-constitution,indian-constitution-q-10,0,2026-01-03T23:21:00.000Z,easy
synthetic-learner-062,newton-laws,newton-laws-q-11,0,2026-01-03T23:22:00.000Z,hard
synthetic-learner-062,indian-constitution,indian-constitution-q-12,0,2026-01-03T23:23:00.000Z,hard
synthetic-learner-062,photosynthesis,photosynthesis-q-01,0,2026-01-03T23:24:00.000Z,medium
synthetic-learner-062,python-programming,python-programming-q-02,0,2026-01-03T23:25:00.000Z,hard
synthetic-learner-062,fractions,fractions-q-03,0,2026-01-03T23:26:00.000Z,hard
synthetic-learner-062,hindi-grammar,hindi-grammar-q-04,1,2026-01-03T23:27:00.000Z,medium
synthetic-learner-063,indian-constitution,indian-constitution-q-01,0,2026-01-04T00:00:00.000Z,hard
synthetic-learner-063,newton-laws,newton-laws-q-02,0,2026-01-04T00:01:00.000Z,hard
synthetic-learner-063,python-programming,python-programming-q-03,0,2026-01-04T00:02:00.000Z,medium
synthetic-learner-063,algebra,algebra-q-04,1,2026-01-04T00:03:00.000Z,easy
synthetic-learner-063,algebra,algebra-q-05,0,2026-01-04T00:04:00.000Z,medium
synthetic-learner-063,python-programming,python-programming-q-06,0,2026-01-04T00:05:00.000Z,hard
synthetic-learner-063,indian-constitution,indian-constitution-q-07,0,2026-01-04T00:06:00.000Z,medium
synthetic-learner-063,financial-accounting,financial-accounting-q-08,0,2026-01-04T00:07:00.000Z,medium
synthetic-learner-063,python-programming,python-programming-q-09,0,2026-01-04T00:08:00.000Z,hard
synthetic-learner-063,indian-constitution,indian-constitution-q-10,1,2026-01-04T00:09:00.000Z,easy
synthetic-learner-063,indian-constitution,indian-constitution-q-11,0,2026-01-04T00:10:00.000Z,medium
synthetic-learner-063,python-programming,python-programming-q-12,1,2026-01-04T00:11:00.000Z,medium
synthetic-learner-063,indian-constitution,indian-constitution-q-01,0,2026-01-04T00:12:00.000Z,medium
synthetic-learner-063,financial-accounting,financial-accounting-q-02,1,2026-01-04T00:13:00.000Z,medium
synthetic-learner-063,indian-constitution,indian-constitution-q-03,0,2026-01-04T00:14:00.000Z,easy
synthetic-learner-063,fractions,fractions-q-04,0,2026-01-04T00:15:00.000Z,medium
synthetic-learner-063,python-programming,python-programming-q-05,1,2026-01-04T00:16:00.000Z,easy
synthetic-learner-063,photosynthesis,photosynthesis-q-06,1,2026-01-04T00:17:00.000Z,easy
synthetic-learner-063,indian-constitution,indian-constitution-q-07,0,2026-01-04T00:18:00.000Z,medium
synthetic-learner-063,indian-constitution,indian-constitution-q-08,0,2026-01-04T00:19:00.000Z,medium
synthetic-learner-063,algebra,algebra-q-09,1,2026-01-04T00:20:00.000Z,medium
synthetic-learner-063,financial-accounting,financial-accounting-q-10,0,2026-01-04T00:21:00.000Z,hard
synthetic-learner-063,fractions,fractions-q-11,0,2026-01-04T00:22:00.000Z,medium
synthetic-learner-063,newton-laws,newton-laws-q-12,1,2026-01-04T00:23:00.000Z,hard
synthetic-learner-063,hindi-grammar,hindi-grammar-q-01,0,2026-01-04T00:24:00.000Z,hard
synthetic-learner-063,financial-accounting,financial-accounting-q-02,1,2026-01-04T00:25:00.000Z,easy
synthetic-learner-063,algebra,algebra-q-03,1,2026-01-04T00:26:00.000Z,medium
synthetic-learner-063,indian-constitution,indian-constitution-q-04,0,2026-01-04T00:27:00.000Z,easy
synthetic-learner-064,algebra,algebra-q-01,0,2026-01-04T01:00:00.000Z,medium
synthetic-learner-064,photosynthesis,photosynthesis-q-02,0,2026-01-04T01:01:00.000Z,medium
synthetic-learner-064,hindi-grammar,hindi-grammar-q-03,0,2026-01-04T01:02:00.000Z,hard
synthetic-learner-064,photosynthesis,photosynthesis-q-04,0,2026-01-04T01:03:00.000Z,medium
synthetic-learner-064,algebra,algebra-q-05,1,2026-01-04T01:04:00.000Z,easy
synthetic-learner-064,indian-constitution,indian-constitution-q-06,0,2026-01-04T01:05:00.000Z,medium
synthetic-learner-064,photosynthesis,photosynthesis-q-07,0,2026-01-04T01:06:00.000Z,medium
synthetic-learner-064,fractions,fractions-q-08,0,2026-01-04T01:07:00.000Z,medium
synthetic-learner-064,indian-constitution,indian-constitution-q-09,0,2026-01-04T01:08:00.000Z,easy
synthetic-learner-064,indian-constitution,indian-constitution-q-10,0,2026-01-04T01:09:00.000Z,medium
synthetic-learner-064,fractions,fractions-q-11,0,2026-01-04T01:10:00.000Z,medium
synthetic-learner-064,newton-laws,newton-laws-q-12,1,2026-01-04T01:11:00.000Z,medium
synthetic-learner-064,indian-constitution,indian-constitution-q-01,0,2026-01-04T01:12:00.000Z,easy
synthetic-learner-064,photosynthesis,photosynthesis-q-02,0,2026-01-04T01:13:00.000Z,medium
synthetic-learner-064,indian-constitution,indian-constitution-q-03,0,2026-01-04T01:14:00.000Z,hard
synthetic-learner-064,fractions,fractions-q-04,0,2026-01-04T01:15:00.000Z,easy
synthetic-learner-064,fractions,fractions-q-05,0,2026-01-04T01:16:00.000Z,medium
synthetic-learner-064,algebra,algebra-q-06,1,2026-01-04T01:17:00.000Z,medium
synthetic-learner-064,financial-accounting,financial-accounting-q-07,1,2026-01-04T01:18:00.000Z,easy
synthetic-learner-064,hindi-grammar,hindi-grammar-q-08,0,2026-01-04T01:19:00.000Z,medium
synthetic-learner-064,hindi-grammar,hindi-grammar-q-09,0,2026-01-04T01:20:00.000Z,hard
synthetic-learner-064,python-programming,python-programming-q-10,1,2026-01-04T01:21:00.000Z,easy
synthetic-learner-064,photosynthesis,photosynthesis-q-11,1,2026-01-04T01:22:00.000Z,medium
synthetic-learner-064,fractions,fractions-q-12,0,2026-01-04T01:23:00.000Z,hard
synthetic-learner-064,hindi-grammar,hindi-grammar-q-01,1,2026-01-04T01:24:00.000Z,easy
synthetic-learner-064,fractions,fractions-q-02,1,2026-01-04T01:25:00.000Z,easy
synthetic-learner-064,algebra,algebra-q-03,0,2026-01-04T01:26:00.000Z,hard
synthetic-learner-064,photosynthesis,photosynthesis-q-04,1,2026-01-04T01:27:00.000Z,medium
synthetic-learner-065,financial-accounting,financial-accounting-q-01,1,2026-01-04T02:00:00.000Z,easy
synthetic-learner-065,fractions,fractions-q-02,0,2026-01-04T02:01:00.000Z,easy
synthetic-learner-065,algebra,algebra-q-03,0,2026-01-04T02:02:00.000Z,medium
synthetic-learner-065,newton-laws,newton-laws-q-04,0,2026-01-04T02:03:00.000Z,hard
synthetic-learner-065,hindi-grammar,hindi-grammar-q-05,1,2026-01-04T02:04:00.000Z,hard
synthetic-learner-065,python-programming,python-programming-q-06,1,2026-01-04T02:05:00.000Z,easy
synthetic-learner-065,indian-constitution,indian-constitution-q-07,1,2026-01-04T02:06:00.000Z,hard
synthetic-learner-065,financial-accounting,financial-accounting-q-08,0,2026-01-04T02:07:00.000Z,hard
synthetic-learner-065,indian-constitution,indian-constitution-q-09,1,2026-01-04T02:08:00.000Z,medium
synthetic-learner-065,financial-accounting,financial-accounting-q-10,0,2026-01-04T02:09:00.000Z,medium
synthetic-learner-065,hindi-grammar,hindi-grammar-q-11,1,2026-01-04T02:10:00.000Z,easy
synthetic-learner-065,hindi-grammar,hindi-grammar-q-12,0,2026-01-04T02:11:00.000Z,easy
synthetic-learner-065,financial-accounting,financial-accounting-q-01,0,2026-01-04T02:12:00.000Z,easy
synthetic-learner-065,photosynthesis,photosynthesis-q-02,1,2026-01-04T02:13:00.000Z,medium
synthetic-learner-065,hindi-grammar,hindi-grammar-q-03,1,2026-01-04T02:14:00.000Z,medium
synthetic-learner-065,newton-laws,newton-laws-q-04,0,2026-01-04T02:15:00.000Z,hard
synthetic-learner-065,photosynthesis,photosynthesis-q-05,1,2026-01-04T02:16:00.000Z,easy
synthetic-learner-065,fractions,fractions-q-06,1,2026-01-04T02:17:00.000Z,hard
synthetic-learner-065,indian-constitution,indian-constitution-q-07,1,2026-01-04T02:18:00.000Z,hard
synthetic-learner-065,financial-accounting,financial-accounting-q-08,1,2026-01-04T02:19:00.000Z,medium
synthetic-learner-065,photosynthesis,photosynthesis-q-09,0,2026-01-04T02:20:00.000Z,easy
synthetic-learner-065,algebra,algebra-q-10,1,2026-01-04T02:21:00.000Z,easy
synthetic-learner-065,fractions,fractions-q-11,0,2026-01-04T02:22:00.000Z,medium
synthetic-learner-065,algebra,algebra-q-12,1,2026-01-04T02:23:00.000Z,easy
synthetic-learner-065,financial-accounting,financial-accounting-q-01,0,2026-01-04T02:24:00.000Z,medium
synthetic-learner-065,python-programming,python-programming-q-02,0,2026-01-04T02:25:00.000Z,easy
synthetic-learner-065,financial-accounting,financial-accounting-q-03,1,2026-01-04T02:26:00.000Z,easy
synthetic-learner-065,newton-laws,newton-laws-q-04,0,2026-01-04T02:27:00.000Z,hard
synthetic-learner-066,financial-accounting,financial-accounting-q-01,0,2026-01-04T03:00:00.000Z,hard
synthetic-learner-066,photosynthesis,photosynthesis-q-02,1,2026-01-04T03:01:00.000Z,easy
synthetic-learner-066,hindi-grammar,hindi-grammar-q-03,0,2026-01-04T03:02:00.000Z,hard
synthetic-learner-066,photosynthesis,photosynthesis-q-04,0,2026-01-04T03:03:00.000Z,medium
synthetic-learner-066,fractions,fractions-q-05,0,2026-01-04T03:04:00.000Z,medium
synthetic-learner-066,indian-constitution,indian-constitution-q-06,0,2026-01-04T03:05:00.000Z,hard
synthetic-learner-066,hindi-grammar,hindi-grammar-q-07,1,2026-01-04T03:06:00.000Z,easy
synthetic-learner-066,hindi-grammar,hindi-grammar-q-08,1,2026-01-04T03:07:00.000Z,hard
synthetic-learner-066,python-programming,python-programming-q-09,0,2026-01-04T03:08:00.000Z,hard
synthetic-learner-066,photosynthesis,photosynthesis-q-10,0,2026-01-04T03:09:00.000Z,medium
synthetic-learner-066,algebra,algebra-q-11,1,2026-01-04T03:10:00.000Z,medium
synthetic-learner-066,indian-constitution,indian-constitution-q-12,1,2026-01-04T03:11:00.000Z,easy
synthetic-learner-066,photosynthesis,photosynthesis-q-01,0,2026-01-04T03:12:00.000Z,hard
synthetic-learner-066,financial-accounting,financial-accounting-q-02,0,2026-01-04T03:13:00.000Z,medium
synthetic-learner-066,photosynthesis,photosynthesis-q-03,1,2026-01-04T03:14:00.000Z,medium
synthetic-learner-066,hindi-grammar,hindi-grammar-q-04,0,2026-01-04T03:15:00.000Z,medium
synthetic-learner-066,hindi-grammar,hindi-grammar-q-05,1,2026-01-04T03:16:00.000Z,medium
synthetic-learner-066,photosynthesis,photosynthesis-q-06,1,2026-01-04T03:17:00.000Z,medium
synthetic-learner-066,algebra,algebra-q-07,0,2026-01-04T03:18:00.000Z,hard
synthetic-learner-066,algebra,algebra-q-08,0,2026-01-04T03:19:00.000Z,medium
synthetic-learner-066,algebra,algebra-q-09,1,2026-01-04T03:20:00.000Z,medium
synthetic-learner-066,indian-constitution,indian-constitution-q-10,1,2026-01-04T03:21:00.000Z,medium
synthetic-learner-066,algebra,algebra-q-11,1,2026-01-04T03:22:00.000Z,medium
synthetic-learner-066,indian-constitution,indian-constitution-q-12,0,2026-01-04T03:23:00.000Z,hard
synthetic-learner-066,indian-constitution,indian-constitution-q-01,0,2026-01-04T03:24:00.000Z,easy
synthetic-learner-066,fractions,fractions-q-02,1,2026-01-04T03:25:00.000Z,easy
synthetic-learner-066,financial-accounting,financial-accounting-q-03,0,2026-01-04T03:26:00.000Z,easy
synthetic-learner-066,algebra,algebra-q-04,0,2026-01-04T03:27:00.000Z,easy
synthetic-learner-067,fractions,fractions-q-01,0,2026-01-04T04:00:00.000Z,easy
synthetic-learner-067,algebra,algebra-q-02,1,2026-01-04T04:01:00.000Z,easy
synthetic-learner-067,photosynthesis,photosynthesis-q-03,0,2026-01-04T04:02:00.000Z,medium
synthetic-learner-067,algebra,algebra-q-04,0,2026-01-04T04:03:00.000Z,easy
synthetic-learner-067,newton-laws,newton-laws-q-05,0,2026-01-04T04:04:00.000Z,easy
synthetic-learner-067,newton-laws,newton-laws-q-06,0,2026-01-04T04:05:00.000Z,hard
synthetic-learner-067,photosynthesis,photosynthesis-q-07,0,2026-01-04T04:06:00.000Z,easy
synthetic-learner-067,algebra,algebra-q-08,1,2026-01-04T04:07:00.000Z,easy
synthetic-learner-067,indian-constitution,indian-constitution-q-09,0,2026-01-04T04:08:00.000Z,hard
synthetic-learner-067,hindi-grammar,hindi-grammar-q-10,1,2026-01-04T04:09:00.000Z,easy
synthetic-learner-067,photosynthesis,photosynthesis-q-11,0,2026-01-04T04:10:00.000Z,easy
synthetic-learner-067,photosynthesis,photosynthesis-q-12,0,2026-01-04T04:11:00.000Z,medium
synthetic-learner-067,financial-accounting,financial-accounting-q-01,0,2026-01-04T04:12:00.000Z,hard
synthetic-learner-067,hindi-grammar,hindi-grammar-q-02,1,2026-01-04T04:13:00.000Z,hard
synthetic-learner-067,newton-laws,newton-laws-q-03,0,2026-01-04T04:14:00.000Z,medium
synthetic-learner-067,python-programming,python-programming-q-04,1,2026-01-04T04:15:00.000Z,easy
synthetic-learner-067,financial-accounting,financial-accounting-q-05,1,2026-01-04T04:16:00.000Z,easy
synthetic-learner-067,python-programming,python-programming-q-06,0,2026-01-04T04:17:00.000Z,hard
synthetic-learner-067,fractions,fractions-q-07,0,2026-01-04T04:18:00.000Z,medium
synthetic-learner-067,indian-constitution,indian-constitution-q-08,0,2026-01-04T04:19:00.000Z,medium
synthetic-learner-067,algebra,algebra-q-09,1,2026-01-04T04:20:00.000Z,easy
synthetic-learner-067,photosynthesis,photosynthesis-q-10,0,2026-01-04T04:21:00.000Z,hard
synthetic-learner-067,newton-laws,newton-laws-q-11,1,2026-01-04T04:22:00.000Z,easy
synthetic-learner-067,algebra,algebra-q-12,1,2026-01-04T04:23:00.000Z,medium
synthetic-learner-067,algebra,algebra-q-01,1,2026-01-04T04:24:00.000Z,medium
synthetic-learner-067,hindi-grammar,hindi-grammar-q-02,0,2026-01-04T04:25:00.000Z,hard
synthetic-learner-067,fractions,fractions-q-03,1,2026-01-04T04:26:00.000Z,hard
synthetic-learner-067,indian-constitution,indian-constitution-q-04,1,2026-01-04T04:27:00.000Z,easy
synthetic-learner-068,algebra,algebra-q-01,0,2026-01-04T05:00:00.000Z,hard
synthetic-learner-068,financial-accounting,financial-accounting-q-02,0,2026-01-04T05:01:00.000Z,medium
synthetic-learner-068,newton-laws,newton-laws-q-03,0,2026-01-04T05:02:00.000Z,easy
synthetic-learner-068,newton-laws,newton-laws-q-04,0,2026-01-04T05:03:00.000Z,hard
synthetic-learner-068,python-programming,python-programming-q-05,1,2026-01-04T05:04:00.000Z,easy
synthetic-learner-068,fractions,fractions-q-06,0,2026-01-04T05:05:00.000Z,hard
synthetic-learner-068,photosynthesis,photosynthesis-q-07,1,2026-01-04T05:06:00.000Z,medium
synthetic-learner-068,fractions,fractions-q-08,0,2026-01-04T05:07:00.000Z,hard
synthetic-learner-068,algebra,algebra-q-09,0,2026-01-04T05:08:00.000Z,medium
synthetic-learner-068,photosynthesis,photosynthesis-q-10,0,2026-01-04T05:09:00.000Z,medium
synthetic-learner-068,photosynthesis,photosynthesis-q-11,1,2026-01-04T05:10:00.000Z,easy
synthetic-learner-068,hindi-grammar,hindi-grammar-q-12,0,2026-01-04T05:11:00.000Z,medium
synthetic-learner-068,hindi-grammar,hindi-grammar-q-01,1,2026-01-04T05:12:00.000Z,easy
synthetic-learner-068,photosynthesis,photosynthesis-q-02,1,2026-01-04T05:13:00.000Z,hard
synthetic-learner-068,photosynthesis,photosynthesis-q-03,1,2026-01-04T05:14:00.000Z,medium
synthetic-learner-068,hindi-grammar,hindi-grammar-q-04,0,2026-01-04T05:15:00.000Z,easy
synthetic-learner-068,indian-constitution,indian-constitution-q-05,0,2026-01-04T05:16:00.000Z,medium
synthetic-learner-068,photosynthesis,photosynthesis-q-06,0,2026-01-04T05:17:00.000Z,easy
synthetic-learner-068,fractions,fractions-q-07,0,2026-01-04T05:18:00.000Z,easy
synthetic-learner-068,fractions,fractions-q-08,0,2026-01-04T05:19:00.000Z,medium
synthetic-learner-068,indian-constitution,indian-constitution-q-09,0,2026-01-04T05:20:00.000Z,easy
synthetic-learner-068,python-programming,python-programming-q-10,1,2026-01-04T05:21:00.000Z,medium
synthetic-learner-068,fractions,fractions-q-11,0,2026-01-04T05:22:00.000Z,medium
synthetic-learner-068,photosynthesis,photosynthesis-q-12,0,2026-01-04T05:23:00.000Z,easy
synthetic-learner-068,fractions,fractions-q-01,0,2026-01-04T05:24:00.000Z,medium
synthetic-learner-068,photosynthesis,photosynthesis-q-02,1,2026-01-04T05:25:00.000Z,easy
synthetic-learner-068,newton-laws,newton-laws-q-03,1,2026-01-04T05:26:00.000Z,easy
synthetic-learner-068,algebra,algebra-q-04,0,2026-01-04T05:27:00.000Z,easy
synthetic-learner-069,photosynthesis,photosynthesis-q-01,1,2026-01-04T06:00:00.000Z,easy
synthetic-learner-069,photosynthesis,photosynthesis-q-02,0,2026-01-04T06:01:00.000Z,easy
synthetic-learner-069,financial-accounting,financial-accounting-q-03,0,2026-01-04T06:02:00.000Z,medium
synthetic-learner-069,financial-accounting,financial-accounting-q-04,0,2026-01-04T06:03:00.000Z,medium
synthetic-learner-069,python-programming,python-programming-q-05,1,2026-01-04T06:04:00.000Z,medium
synthetic-learner-069,algebra,algebra-q-06,0,2026-01-04T06:05:00.000Z,easy
synthetic-learner-069,hindi-grammar,hindi-grammar-q-07,0,2026-01-04T06:06:00.000Z,easy
synthetic-learner-069,algebra,algebra-q-08,0,2026-01-04T06:07:00.000Z,hard
synthetic-learner-069,python-programming,python-programming-q-09,0,2026-01-04T06:08:00.000Z,hard
synthetic-learner-069,python-programming,python-programming-q-10,0,2026-01-04T06:09:00.000Z,hard
synthetic-learner-069,newton-laws,newton-laws-q-11,1,2026-01-04T06:10:00.000Z,hard
synthetic-learner-069,financial-accounting,financial-accounting-q-12,0,2026-01-04T06:11:00.000Z,medium
synthetic-learner-069,indian-constitution,indian-constitution-q-01,0,2026-01-04T06:12:00.000Z,medium
synthetic-learner-069,indian-constitution,indian-constitution-q-02,0,2026-01-04T06:13:00.000Z,hard
synthetic-learner-069,python-programming,python-programming-q-03,0,2026-01-04T06:14:00.000Z,hard
synthetic-learner-069,financial-accounting,financial-accounting-q-04,0,2026-01-04T06:15:00.000Z,medium
synthetic-learner-069,algebra,algebra-q-05,1,2026-01-04T06:16:00.000Z,easy
synthetic-learner-069,photosynthesis,photosynthesis-q-06,0,2026-01-04T06:17:00.000Z,medium
synthetic-learner-069,algebra,algebra-q-07,0,2026-01-04T06:18:00.000Z,medium
synthetic-learner-069,financial-accounting,financial-accounting-q-08,0,2026-01-04T06:19:00.000Z,hard
synthetic-learner-069,fractions,fractions-q-09,0,2026-01-04T06:20:00.000Z,hard
synthetic-learner-069,financial-accounting,financial-accounting-q-10,0,2026-01-04T06:21:00.000Z,medium
synthetic-learner-069,algebra,algebra-q-11,0,2026-01-04T06:22:00.000Z,hard
synthetic-learner-069,hindi-grammar,hindi-grammar-q-12,1,2026-01-04T06:23:00.000Z,medium
synthetic-learner-069,photosynthesis,photosynthesis-q-01,0,2026-01-04T06:24:00.000Z,easy
synthetic-learner-069,fractions,fractions-q-02,0,2026-01-04T06:25:00.000Z,hard
synthetic-learner-069,newton-laws,newton-laws-q-03,1,2026-01-04T06:26:00.000Z,easy
synthetic-learner-069,hindi-grammar,hindi-grammar-q-04,0,2026-01-04T06:27:00.000Z,hard
synthetic-learner-070,photosynthesis,photosynthesis-q-01,0,2026-01-04T07:00:00.000Z,hard
synthetic-learner-070,photosynthesis,photosynthesis-q-02,0,2026-01-04T07:01:00.000Z,hard
synthetic-learner-070,indian-constitution,indian-constitution-q-03,0,2026-01-04T07:02:00.000Z,easy
synthetic-learner-070,fractions,fractions-q-04,0,2026-01-04T07:03:00.000Z,medium
synthetic-learner-070,algebra,algebra-q-05,1,2026-01-04T07:04:00.000Z,easy
synthetic-learner-070,financial-accounting,financial-accounting-q-06,0,2026-01-04T07:05:00.000Z,hard
synthetic-learner-070,fractions,fractions-q-07,0,2026-01-04T07:06:00.000Z,hard
synthetic-learner-070,financial-accounting,financial-accounting-q-08,1,2026-01-04T07:07:00.000Z,easy
synthetic-learner-070,python-programming,python-programming-q-09,0,2026-01-04T07:08:00.000Z,hard
synthetic-learner-070,photosynthesis,photosynthesis-q-10,0,2026-01-04T07:09:00.000Z,easy
synthetic-learner-070,algebra,algebra-q-11,1,2026-01-04T07:10:00.000Z,easy
synthetic-learner-070,newton-laws,newton-laws-q-12,0,2026-01-04T07:11:00.000Z,medium
synthetic-learner-070,algebra,algebra-q-01,0,2026-01-04T07:12:00.000Z,medium
synthetic-learner-070,newton-laws,newton-laws-q-02,0,2026-01-04T07:13:00.000Z,hard
synthetic-learner-070,newton-laws,newton-laws-q-03,1,2026-01-04T07:14:00.000Z,easy
synthetic-learner-070,indian-constitution,indian-constitution-q-04,0,2026-01-04T07:15:00.000Z,medium
synthetic-learner-070,photosynthesis,photosynthesis-q-05,1,2026-01-04T07:16:00.000Z,easy
synthetic-learner-070,fractions,fractions-q-06,0,2026-01-04T07:17:00.000Z,hard
synthetic-learner-070,newton-laws,newton-laws-q-07,1,2026-01-04T07:18:00.000Z,easy
synthetic-learner-070,financial-accounting,financial-accounting-q-08,0,2026-01-04T07:19:00.000Z,medium
synthetic-learner-070,photosynthesis,photosynthesis-q-09,0,2026-01-04T07:20:00.000Z,hard
synthetic-learner-070,fractions,fractions-q-10,0,2026-01-04T07:21:00.000Z,hard
synthetic-learner-070,indian-constitution,indian-constitution-q-11,1,2026-01-04T07:22:00.000Z,hard
synthetic-learner-070,financial-accounting,financial-accounting-q-12,0,2026-01-04T07:23:00.000Z,medium
synthetic-learner-070,newton-laws,newton-laws-q-01,0,2026-01-04T07:24:00.000Z,medium
synthetic-learner-070,photosynthesis,photosynthesis-q-02,0,2026-01-04T07:25:00.000Z,hard
synthetic-learner-070,fractions,fractions-q-03,0,2026-01-04T07:26:00.000Z,easy
synthetic-learner-070,hindi-grammar,hindi-grammar-q-04,1,2026-01-04T07:27:00.000Z,easy
synthetic-learner-071,python-programming,python-programming-q-01,0,2026-01-04T08:00:00.000Z,medium
synthetic-learner-071,financial-accounting,financial-accounting-q-02,0,2026-01-04T08:01:00.000Z,hard
synthetic-learner-071,indian-constitution,indian-constitution-q-03,0,2026-01-04T08:02:00.000Z,easy
synthetic-learner-071,financial-accounting,financial-accounting-q-04,0,2026-01-04T08:03:00.000Z,easy
synthetic-learner-071,algebra,algebra-q-05,1,2026-01-04T08:04:00.000Z,hard
synthetic-learner-071,python-programming,python-programming-q-06,0,2026-01-04T08:05:00.000Z,easy
synthetic-learner-071,financial-accounting,financial-accounting-q-07,0,2026-01-04T08:06:00.000Z,hard
synthetic-learner-071,python-programming,python-programming-q-08,1,2026-01-04T08:07:00.000Z,hard
synthetic-learner-071,photosynthesis,photosynthesis-q-09,0,2026-01-04T08:08:00.000Z,easy
synthetic-learner-071,photosynthesis,photosynthesis-q-10,1,2026-01-04T08:09:00.000Z,medium
synthetic-learner-071,indian-constitution,indian-constitution-q-11,1,2026-01-04T08:10:00.000Z,easy
synthetic-learner-071,indian-constitution,indian-constitution-q-12,1,2026-01-04T08:11:00.000Z,easy
synthetic-learner-071,python-programming,python-programming-q-01,1,2026-01-04T08:12:00.000Z,easy
synthetic-learner-071,python-programming,python-programming-q-02,0,2026-01-04T08:13:00.000Z,hard
synthetic-learner-071,fractions,fractions-q-03,0,2026-01-04T08:14:00.000Z,easy
synthetic-learner-071,indian-constitution,indian-constitution-q-04,0,2026-01-04T08:15:00.000Z,hard
synthetic-learner-071,algebra,algebra-q-05,0,2026-01-04T08:16:00.000Z,easy
synthetic-learner-071,photosynthesis,photosynthesis-q-06,0,2026-01-04T08:17:00.000Z,hard
synthetic-learner-071,algebra,algebra-q-07,0,2026-01-04T08:18:00.000Z,hard
synthetic-learner-071,photosynthesis,photosynthesis-q-08,0,2026-01-04T08:19:00.000Z,medium
synthetic-learner-071,newton-laws,newton-laws-q-09,0,2026-01-04T08:20:00.000Z,medium
synthetic-learner-071,financial-accounting,financial-accounting-q-10,0,2026-01-04T08:21:00.000Z,medium
synthetic-learner-071,financial-accounting,financial-accounting-q-11,0,2026-01-04T08:22:00.000Z,medium
synthetic-learner-071,financial-accounting,financial-accounting-q-12,0,2026-01-04T08:23:00.000Z,hard
synthetic-learner-071,photosynthesis,photosynthesis-q-01,0,2026-01-04T08:24:00.000Z,easy
synthetic-learner-071,indian-constitution,indian-constitution-q-02,0,2026-01-04T08:25:00.000Z,medium
synthetic-learner-071,python-programming,python-programming-q-03,0,2026-01-04T08:26:00.000Z,medium
synthetic-learner-071,hindi-grammar,hindi-grammar-q-04,0,2026-01-04T08:27:00.000Z,hard
synthetic-learner-072,hindi-grammar,hindi-grammar-q-01,1,2026-01-04T09:00:00.000Z,medium
synthetic-learner-072,fractions,fractions-q-02,1,2026-01-04T09:01:00.000Z,easy
synthetic-learner-072,newton-laws,newton-laws-q-03,0,2026-01-04T09:02:00.000Z,medium
synthetic-learner-072,financial-accounting,financial-accounting-q-04,0,2026-01-04T09:03:00.000Z,hard
synthetic-learner-072,indian-constitution,indian-constitution-q-05,1,2026-01-04T09:04:00.000Z,hard
synthetic-learner-072,python-programming,python-programming-q-06,0,2026-01-04T09:05:00.000Z,hard
synthetic-learner-072,hindi-grammar,hindi-grammar-q-07,1,2026-01-04T09:06:00.000Z,easy
synthetic-learner-072,hindi-grammar,hindi-grammar-q-08,1,2026-01-04T09:07:00.000Z,easy
synthetic-learner-072,algebra,algebra-q-09,1,2026-01-04T09:08:00.000Z,hard
synthetic-learner-072,fractions,fractions-q-10,1,2026-01-04T09:09:00.000Z,easy
synthetic-learner-072,python-programming,python-programming-q-11,0,2026-01-04T09:10:00.000Z,easy
synthetic-learner-072,newton-laws,newton-laws-q-12,1,2026-01-04T09:11:00.000Z,easy
synthetic-learner-072,financial-accounting,financial-accounting-q-01,0,2026-01-04T09:12:00.000Z,medium
synthetic-learner-072,hindi-grammar,hindi-grammar-q-02,1,2026-01-04T09:13:00.000Z,easy
synthetic-learner-072,algebra,algebra-q-03,1,2026-01-04T09:14:00.000Z,medium
synthetic-learner-072,financial-accounting,financial-accounting-q-04,0,2026-01-04T09:15:00.000Z,easy
synthetic-learner-072,algebra,algebra-q-05,0,2026-01-04T09:16:00.000Z,easy
synthetic-learner-072,newton-laws,newton-laws-q-06,1,2026-01-04T09:17:00.000Z,easy
synthetic-learner-072,newton-laws,newton-laws-q-07,1,2026-01-04T09:18:00.000Z,hard
synthetic-learner-072,photosynthesis,photosynthesis-q-08,0,2026-01-04T09:19:00.000Z,medium
synthetic-learner-072,financial-accounting,financial-accounting-q-09,0,2026-01-04T09:20:00.000Z,hard
synthetic-learner-072,python-programming,python-programming-q-10,0,2026-01-04T09:21:00.000Z,hard
synthetic-learner-072,algebra,algebra-q-11,0,2026-01-04T09:22:00.000Z,easy
synthetic-learner-072,financial-accounting,financial-accounting-q-12,0,2026-01-04T09:23:00.000Z,medium
synthetic-learner-072,financial-accounting,financial-accounting-q-01,0,2026-01-04T09:24:00.000Z,medium
synthetic-learner-072,newton-laws,newton-laws-q-02,0,2026-01-04T09:25:00.000Z,medium
synthetic-learner-072,photosynthesis,photosynthesis-q-03,0,2026-01-04T09:26:00.000Z,medium
synthetic-learner-072,fractions,fractions-q-04,1,2026-01-04T09:27:00.000Z,easy
synthetic-learner-073,algebra,algebra-q-01,0,2026-01-04T10:00:00.000Z,easy
synthetic-learner-073,algebra,algebra-q-02,0,2026-01-04T10:01:00.000Z,hard
synthetic-learner-073,newton-laws,newton-laws-q-03,1,2026-01-04T10:02:00.000Z,easy
synthetic-learner-073,photosynthesis,photosynthesis-q-04,0,2026-01-04T10:03:00.000Z,easy
synthetic-learner-073,hindi-grammar,hindi-grammar-q-05,1,2026-01-04T10:04:00.000Z,easy
synthetic-learner-073,indian-constitution,indian-constitution-q-06,0,2026-01-04T10:05:00.000Z,hard
synthetic-learner-073,algebra,algebra-q-07,0,2026-01-04T10:06:00.000Z,hard
synthetic-learner-073,photosynthesis,photosynthesis-q-08,0,2026-01-04T10:07:00.000Z,easy
synthetic-learner-073,hindi-grammar,hindi-grammar-q-09,1,2026-01-04T10:08:00.000Z,hard
synthetic-learner-073,fractions,fractions-q-10,1,2026-01-04T10:09:00.000Z,hard
synthetic-learner-073,python-programming,python-programming-q-11,0,2026-01-04T10:10:00.000Z,easy
synthetic-learner-073,photosynthesis,photosynthesis-q-12,0,2026-01-04T10:11:00.000Z,hard
synthetic-learner-073,financial-accounting,financial-accounting-q-01,0,2026-01-04T10:12:00.000Z,medium
synthetic-learner-073,fractions,fractions-q-02,0,2026-01-04T10:13:00.000Z,medium
synthetic-learner-073,indian-constitution,indian-constitution-q-03,0,2026-01-04T10:14:00.000Z,hard
synthetic-learner-073,python-programming,python-programming-q-04,0,2026-01-04T10:15:00.000Z,hard
synthetic-learner-073,algebra,algebra-q-05,0,2026-01-04T10:16:00.000Z,hard
synthetic-learner-073,newton-laws,newton-laws-q-06,1,2026-01-04T10:17:00.000Z,hard
synthetic-learner-073,python-programming,python-programming-q-07,0,2026-01-04T10:18:00.000Z,easy
synthetic-learner-073,python-programming,python-programming-q-08,0,2026-01-04T10:19:00.000Z,hard
synthetic-learner-073,hindi-grammar,hindi-grammar-q-09,1,2026-01-04T10:20:00.000Z,easy
synthetic-learner-073,newton-laws,newton-laws-q-10,1,2026-01-04T10:21:00.000Z,hard
synthetic-learner-073,algebra,algebra-q-11,0,2026-01-04T10:22:00.000Z,easy
synthetic-learner-073,financial-accounting,financial-accounting-q-12,0,2026-01-04T10:23:00.000Z,easy
synthetic-learner-073,algebra,algebra-q-01,0,2026-01-04T10:24:00.000Z,medium
synthetic-learner-073,fractions,fractions-q-02,0,2026-01-04T10:25:00.000Z,medium
synthetic-learner-073,python-programming,python-programming-q-03,0,2026-01-04T10:26:00.000Z,hard
synthetic-learner-073,fractions,fractions-q-04,0,2026-01-04T10:27:00.000Z,medium
synthetic-learner-074,financial-accounting,financial-accounting-q-01,0,2026-01-04T11:00:00.000Z,easy
synthetic-learner-074,algebra,algebra-q-02,0,2026-01-04T11:01:00.000Z,medium
synthetic-learner-074,algebra,algebra-q-03,0,2026-01-04T11:02:00.000Z,hard
synthetic-learner-074,python-programming,python-programming-q-04,1,2026-01-04T11:03:00.000Z,easy
synthetic-learner-074,python-programming,python-programming-q-05,0,2026-01-04T11:04:00.000Z,hard
synthetic-learner-074,python-programming,python-programming-q-06,1,2026-01-04T11:05:00.000Z,easy
synthetic-learner-074,photosynthesis,photosynthesis-q-07,1,2026-01-04T11:06:00.000Z,hard
synthetic-learner-074,python-programming,python-programming-q-08,0,2026-01-04T11:07:00.000Z,medium
synthetic-learner-074,newton-laws,newton-laws-q-09,0,2026-01-04T11:08:00.000Z,hard
synthetic-learner-074,algebra,algebra-q-10,0,2026-01-04T11:09:00.000Z,easy
synthetic-learner-074,indian-constitution,indian-constitution-q-11,1,2026-01-04T11:10:00.000Z,easy
synthetic-learner-074,financial-accounting,financial-accounting-q-12,0,2026-01-04T11:11:00.000Z,medium
synthetic-learner-074,financial-accounting,financial-accounting-q-01,0,2026-01-04T11:12:00.000Z,medium
synthetic-learner-074,financial-accounting,financial-accounting-q-02,0,2026-01-04T11:13:00.000Z,hard
synthetic-learner-074,fractions,fractions-q-03,1,2026-01-04T11:14:00.000Z,easy
synthetic-learner-074,hindi-grammar,hindi-grammar-q-04,1,2026-01-04T11:15:00.000Z,easy
synthetic-learner-074,indian-constitution,indian-constitution-q-05,0,2026-01-04T11:16:00.000Z,medium
synthetic-learner-074,indian-constitution,indian-constitution-q-06,1,2026-01-04T11:17:00.000Z,medium
synthetic-learner-074,financial-accounting,financial-accounting-q-07,0,2026-01-04T11:18:00.000Z,easy
synthetic-learner-074,python-programming,python-programming-q-08,0,2026-01-04T11:19:00.000Z,medium
synthetic-learner-074,newton-laws,newton-laws-q-09,1,2026-01-04T11:20:00.000Z,easy
synthetic-learner-074,algebra,algebra-q-10,0,2026-01-04T11:21:00.000Z,easy
synthetic-learner-074,financial-accounting,financial-accounting-q-11,0,2026-01-04T11:22:00.000Z,medium
synthetic-learner-074,photosynthesis,photosynthesis-q-12,1,2026-01-04T11:23:00.000Z,medium
synthetic-learner-074,financial-accounting,financial-accounting-q-01,0,2026-01-04T11:24:00.000Z,easy
synthetic-learner-074,financial-accounting,financial-accounting-q-02,0,2026-01-04T11:25:00.000Z,easy
synthetic-learner-074,algebra,algebra-q-03,0,2026-01-04T11:26:00.000Z,medium
synthetic-learner-074,photosynthesis,photosynthesis-q-04,0,2026-01-04T11:27:00.000Z,hard
synthetic-learner-075,python-programming,python-programming-q-01,1,2026-01-04T12:00:00.000Z,hard
synthetic-learner-075,financial-accounting,financial-accounting-q-02,0,2026-01-04T12:01:00.000Z,hard
synthetic-learner-075,python-programming,python-programming-q-03,1,2026-01-04T12:02:00.000Z,easy
synthetic-learner-075,hindi-grammar,hindi-grammar-q-04,0,2026-01-04T12:03:00.000Z,hard
synthetic-learner-075,python-programming,python-programming-q-05,1,2026-01-04T12:04:00.000Z,easy
synthetic-learner-075,financial-accounting,financial-accounting-q-06,0,2026-01-04T12:05:00.000Z,easy
synthetic-learner-075,newton-laws,newton-laws-q-07,0,2026-01-04T12:06:00.000Z,hard
synthetic-learner-075,indian-constitution,indian-constitution-q-08,1,2026-01-04T12:07:00.000Z,easy
synthetic-learner-075,python-programming,python-programming-q-09,1,2026-01-04T12:08:00.000Z,hard
synthetic-learner-075,python-programming,python-programming-q-10,1,2026-01-04T12:09:00.000Z,hard
synthetic-learner-075,indian-constitution,indian-constitution-q-11,1,2026-01-04T12:10:00.000Z,hard
synthetic-learner-075,indian-constitution,indian-constitution-q-12,0,2026-01-04T12:11:00.000Z,medium
synthetic-learner-075,photosynthesis,photosynthesis-q-01,1,2026-01-04T12:12:00.000Z,medium
synthetic-learner-075,photosynthesis,photosynthesis-q-02,0,2026-01-04T12:13:00.000Z,hard
synthetic-learner-075,newton-laws,newton-laws-q-03,1,2026-01-04T12:14:00.000Z,easy
synthetic-learner-075,python-programming,python-programming-q-04,1,2026-01-04T12:15:00.000Z,hard
synthetic-learner-075,algebra,algebra-q-05,0,2026-01-04T12:16:00.000Z,hard
synthetic-learner-075,python-programming,python-programming-q-06,1,2026-01-04T12:17:00.000Z,hard
synthetic-learner-075,algebra,algebra-q-07,0,2026-01-04T12:18:00.000Z,hard
synthetic-learner-075,hindi-grammar,hindi-grammar-q-08,0,2026-01-04T12:19:00.000Z,hard
synthetic-learner-075,financial-accounting,financial-accounting-q-09,0,2026-01-04T12:20:00.000Z,hard
synthetic-learner-075,fractions,fractions-q-10,0,2026-01-04T12:21:00.000Z,easy
synthetic-learner-075,newton-laws,newton-laws-q-11,0,2026-01-04T12:22:00.000Z,easy
synthetic-learner-075,financial-accounting,financial-accounting-q-12,0,2026-01-04T12:23:00.000Z,hard
synthetic-learner-075,photosynthesis,photosynthesis-q-01,0,2026-01-04T12:24:00.000Z,easy
synthetic-learner-075,algebra,algebra-q-02,1,2026-01-04T12:25:00.000Z,medium
synthetic-learner-075,algebra,algebra-q-03,0,2026-01-04T12:26:00.000Z,medium
synthetic-learner-075,hindi-grammar,hindi-grammar-q-04,0,2026-01-04T12:27:00.000Z,medium
synthetic-learner-076,newton-laws,newton-laws-q-01,0,2026-01-04T13:00:00.000Z,hard
synthetic-learner-076,financial-accounting,financial-accounting-q-02,0,2026-01-04T13:01:00.000Z,easy
synthetic-learner-076,financial-accounting,financial-accounting-q-03,1,2026-01-04T13:02:00.000Z,easy
synthetic-learner-076,hindi-grammar,hindi-grammar-q-04,0,2026-01-04T13:03:00.000Z,easy
synthetic-learner-076,hindi-grammar,hindi-grammar-q-05,0,2026-01-04T13:04:00.000Z,easy
synthetic-learner-076,python-programming,python-programming-q-06,1,2026-01-04T13:05:00.000Z,hard
synthetic-learner-076,photosynthesis,photosynthesis-q-07,1,2026-01-04T13:06:00.000Z,easy
synthetic-learner-076,financial-accounting,financial-accounting-q-08,1,2026-01-04T13:07:00.000Z,easy
synthetic-learner-076,indian-constitution,indian-constitution-q-09,1,2026-01-04T13:08:00.000Z,easy
synthetic-learner-076,photosynthesis,photosynthesis-q-10,1,2026-01-04T13:09:00.000Z,medium
synthetic-learner-076,photosynthesis,photosynthesis-q-11,1,2026-01-04T13:10:00.000Z,medium
synthetic-learner-076,python-programming,python-programming-q-12,1,2026-01-04T13:11:00.000Z,easy
synthetic-learner-076,python-programming,python-programming-q-01,1,2026-01-04T13:12:00.000Z,easy
synthetic-learner-076,fractions,fractions-q-02,0,2026-01-04T13:13:00.000Z,hard
synthetic-learner-076,indian-constitution,indian-constitution-q-03,1,2026-01-04T13:14:00.000Z,easy
synthetic-learner-076,newton-laws,newton-laws-q-04,0,2026-01-04T13:15:00.000Z,hard
synthetic-learner-076,fractions,fractions-q-05,1,2026-01-04T13:16:00.000Z,easy
synthetic-learner-076,python-programming,python-programming-q-06,0,2026-01-04T13:17:00.000Z,medium
synthetic-learner-076,newton-laws,newton-laws-q-07,0,2026-01-04T13:18:00.000Z,hard
synthetic-learner-076,indian-constitution,indian-constitution-q-08,1,2026-01-04T13:19:00.000Z,hard
synthetic-learner-076,fractions,fractions-q-09,0,2026-01-04T13:20:00.000Z,medium
synthetic-learner-076,python-programming,python-programming-q-10,1,2026-01-04T13:21:00.000Z,easy
synthetic-learner-076,python-programming,python-programming-q-11,0,2026-01-04T13:22:00.000Z,medium
synthetic-learner-076,financial-accounting,financial-accounting-q-12,0,2026-01-04T13:23:00.000Z,hard
synthetic-learner-076,hindi-grammar,hindi-grammar-q-01,1,2026-01-04T13:24:00.000Z,hard
synthetic-learner-076,python-programming,python-programming-q-02,1,2026-01-04T13:25:00.000Z,hard
synthetic-learner-076,indian-constitution,indian-constitution-q-03,1,2026-01-04T13:26:00.000Z,hard
synthetic-learner-076,financial-accounting,financial-accounting-q-04,1,2026-01-04T13:27:00.000Z,medium
synthetic-learner-077,python-programming,python-programming-q-01,0,2026-01-04T14:00:00.000Z,medium
synthetic-learner-077,newton-laws,newton-laws-q-02,1,2026-01-04T14:01:00.000Z,medium
synthetic-learner-077,hindi-grammar,hindi-grammar-q-03,0,2026-01-04T14:02:00.000Z,medium
synthetic-learner-077,python-programming,python-programming-q-04,1,2026-01-04T14:03:00.000Z,medium
synthetic-learner-077,indian-constitution,indian-constitution-q-05,1,2026-01-04T14:04:00.000Z,medium
synthetic-learner-077,photosynthesis,photosynthesis-q-06,0,2026-01-04T14:05:00.000Z,easy
synthetic-learner-077,photosynthesis,photosynthesis-q-07,0,2026-01-04T14:06:00.000Z,easy
synthetic-learner-077,algebra,algebra-q-08,0,2026-01-04T14:07:00.000Z,easy
synthetic-learner-077,photosynthesis,photosynthesis-q-09,1,2026-01-04T14:08:00.000Z,medium
synthetic-learner-077,algebra,algebra-q-10,0,2026-01-04T14:09:00.000Z,medium
synthetic-learner-077,financial-accounting,financial-accounting-q-11,1,2026-01-04T14:10:00.000Z,medium
synthetic-learner-077,fractions,fractions-q-12,1,2026-01-04T14:11:00.000Z,medium
synthetic-learner-077,newton-laws,newton-laws-q-01,0,2026-01-04T14:12:00.000Z,hard
synthetic-learner-077,algebra,algebra-q-02,0,2026-01-04T14:13:00.000Z,medium
synthetic-learner-077,indian-constitution,indian-constitution-q-03,1,2026-01-04T14:14:00.000Z,medium
synthetic-learner-077,newton-laws,newton-laws-q-04,0,2026-01-04T14:15:00.000Z,hard
synthetic-learner-077,python-programming,python-programming-q-05,1,2026-01-04T14:16:00.000Z,medium
synthetic-learner-077,fractions,fractions-q-06,0,2026-01-04T14:17:00.000Z,easy
synthetic-learner-077,hindi-grammar,hindi-grammar-q-07,1,2026-01-04T14:18:00.000Z,easy
synthetic-learner-077,hindi-grammar,hindi-grammar-q-08,0,2026-01-04T14:19:00.000Z,medium
synthetic-learner-077,algebra,algebra-q-09,0,2026-01-04T14:20:00.000Z,hard
synthetic-learner-077,photosynthesis,photosynthesis-q-10,1,2026-01-04T14:21:00.000Z,medium
synthetic-learner-077,hindi-grammar,hindi-grammar-q-11,1,2026-01-04T14:22:00.000Z,medium
synthetic-learner-077,photosynthesis,photosynthesis-q-12,0,2026-01-04T14:23:00.000Z,hard
synthetic-learner-077,python-programming,python-programming-q-01,0,2026-01-04T14:24:00.000Z,easy
synthetic-learner-077,hindi-grammar,hindi-grammar-q-02,1,2026-01-04T14:25:00.000Z,medium
synthetic-learner-077,hindi-grammar,hindi-grammar-q-03,1,2026-01-04T14:26:00.000Z,medium
synthetic-learner-077,indian-constitution,indian-constitution-q-04,1,2026-01-04T14:27:00.000Z,medium
synthetic-learner-078,python-programming,python-programming-q-01,0,2026-01-04T15:00:00.000Z,medium
synthetic-learner-078,financial-accounting,financial-accounting-q-02,1,2026-01-04T15:01:00.000Z,hard
synthetic-learner-078,photosynthesis,photosynthesis-q-03,0,2026-01-04T15:02:00.000Z,hard
synthetic-learner-078,fractions,fractions-q-04,0,2026-01-04T15:03:00.000Z,hard
synthetic-learner-078,fractions,fractions-q-05,0,2026-01-04T15:04:00.000Z,medium
synthetic-learner-078,fractions,fractions-q-06,0,2026-01-04T15:05:00.000Z,hard
synthetic-learner-078,newton-laws,newton-laws-q-07,0,2026-01-04T15:06:00.000Z,medium
synthetic-learner-078,financial-accounting,financial-accounting-q-08,0,2026-01-04T15:07:00.000Z,easy
synthetic-learner-078,indian-constitution,indian-constitution-q-09,0,2026-01-04T15:08:00.000Z,hard
synthetic-learner-078,algebra,algebra-q-10,0,2026-01-04T15:09:00.000Z,easy
synthetic-learner-078,fractions,fractions-q-11,0,2026-01-04T15:10:00.000Z,easy
synthetic-learner-078,python-programming,python-programming-q-12,0,2026-01-04T15:11:00.000Z,medium
synthetic-learner-078,newton-laws,newton-laws-q-01,0,2026-01-04T15:12:00.000Z,hard
synthetic-learner-078,hindi-grammar,hindi-grammar-q-02,1,2026-01-04T15:13:00.000Z,medium
synthetic-learner-078,newton-laws,newton-laws-q-03,1,2026-01-04T15:14:00.000Z,hard
synthetic-learner-078,fractions,fractions-q-04,0,2026-01-04T15:15:00.000Z,medium
synthetic-learner-078,python-programming,python-programming-q-05,1,2026-01-04T15:16:00.000Z,hard
synthetic-learner-078,hindi-grammar,hindi-grammar-q-06,0,2026-01-04T15:17:00.000Z,easy
synthetic-learner-078,python-programming,python-programming-q-07,0,2026-01-04T15:18:00.000Z,easy
synthetic-learner-078,newton-laws,newton-laws-q-08,0,2026-01-04T15:19:00.000Z,hard
synthetic-learner-078,newton-laws,newton-laws-q-09,0,2026-01-04T15:20:00.000Z,easy
synthetic-learner-078,hindi-grammar,hindi-grammar-q-10,1,2026-01-04T15:21:00.000Z,medium
synthetic-learner-078,algebra,algebra-q-11,0,2026-01-04T15:22:00.000Z,easy
synthetic-learner-078,indian-constitution,indian-constitution-q-12,0,2026-01-04T15:23:00.000Z,hard
synthetic-learner-078,algebra,algebra-q-01,0,2026-01-04T15:24:00.000Z,hard
synthetic-learner-078,hindi-grammar,hindi-grammar-q-02,1,2026-01-04T15:25:00.000Z,medium
synthetic-learner-078,python-programming,python-programming-q-03,0,2026-01-04T15:26:00.000Z,medium
synthetic-learner-078,hindi-grammar,hindi-grammar-q-04,1,2026-01-04T15:27:00.000Z,easy
synthetic-learner-079,algebra,algebra-q-01,0,2026-01-04T16:00:00.000Z,hard
synthetic-learner-079,indian-constitution,indian-constitution-q-02,1,2026-01-04T16:01:00.000Z,easy
synthetic-learner-079,fractions,fractions-q-03,0,2026-01-04T16:02:00.000Z,medium
synthetic-learner-079,newton-laws,newton-laws-q-04,0,2026-01-04T16:03:00.000Z,medium
synthetic-learner-079,financial-accounting,financial-accounting-q-05,0,2026-01-04T16:04:00.000Z,hard
synthetic-learner-079,newton-laws,newton-laws-q-06,0,2026-01-04T16:05:00.000Z,medium
synthetic-learner-079,algebra,algebra-q-07,0,2026-01-04T16:06:00.000Z,easy
synthetic-learner-079,hindi-grammar,hindi-grammar-q-08,0,2026-01-04T16:07:00.000Z,easy
synthetic-learner-079,financial-accounting,financial-accounting-q-09,0,2026-01-04T16:08:00.000Z,hard
synthetic-learner-079,fractions,fractions-q-10,0,2026-01-04T16:09:00.000Z,easy
synthetic-learner-079,python-programming,python-programming-q-11,0,2026-01-04T16:10:00.000Z,hard
synthetic-learner-079,financial-accounting,financial-accounting-q-12,0,2026-01-04T16:11:00.000Z,medium
synthetic-learner-079,financial-accounting,financial-accounting-q-01,0,2026-01-04T16:12:00.000Z,easy
synthetic-learner-079,fractions,fractions-q-02,0,2026-01-04T16:13:00.000Z,medium
synthetic-learner-079,indian-constitution,indian-constitution-q-03,1,2026-01-04T16:14:00.000Z,easy
synthetic-learner-079,hindi-grammar,hindi-grammar-q-04,1,2026-01-04T16:15:00.000Z,hard
synthetic-learner-079,hindi-grammar,hindi-grammar-q-05,0,2026-01-04T16:16:00.000Z,hard
synthetic-learner-079,python-programming,python-programming-q-06,0,2026-01-04T16:17:00.000Z,hard
synthetic-learner-079,photosynthesis,photosynthesis-q-07,1,2026-01-04T16:18:00.000Z,easy
synthetic-learner-079,financial-accounting,financial-accounting-q-08,1,2026-01-04T16:19:00.000Z,easy
synthetic-learner-079,algebra,algebra-q-09,0,2026-01-04T16:20:00.000Z,medium
synthetic-learner-079,python-programming,python-programming-q-10,0,2026-01-04T16:21:00.000Z,hard
synthetic-learner-079,algebra,algebra-q-11,0,2026-01-04T16:22:00.000Z,medium
synthetic-learner-079,photosynthesis,photosynthesis-q-12,0,2026-01-04T16:23:00.000Z,hard
synthetic-learner-079,algebra,algebra-q-01,0,2026-01-04T16:24:00.000Z,medium
synthetic-learner-079,hindi-grammar,hindi-grammar-q-02,1,2026-01-04T16:25:00.000Z,easy
synthetic-learner-079,newton-laws,newton-laws-q-03,0,2026-01-04T16:26:00.000Z,hard
synthetic-learner-079,python-programming,python-programming-q-04,0,2026-01-04T16:27:00.000Z,medium
synthetic-learner-080,algebra,algebra-q-01,1,2026-01-04T17:00:00.000Z,hard
synthetic-learner-080,newton-laws,newton-laws-q-02,0,2026-01-04T17:01:00.000Z,easy
synthetic-learner-080,financial-accounting,financial-accounting-q-03,0,2026-01-04T17:02:00.000Z,hard
synthetic-learner-080,photosynthesis,photosynthesis-q-04,1,2026-01-04T17:03:00.000Z,medium
synthetic-learner-080,indian-constitution,indian-constitution-q-05,0,2026-01-04T17:04:00.000Z,easy
synthetic-learner-080,newton-laws,newton-laws-q-06,0,2026-01-04T17:05:00.000Z,hard
synthetic-learner-080,indian-constitution,indian-constitution-q-07,0,2026-01-04T17:06:00.000Z,easy
synthetic-learner-080,python-programming,python-programming-q-08,1,2026-01-04T17:07:00.000Z,easy
synthetic-learner-080,newton-laws,newton-laws-q-09,0,2026-01-04T17:08:00.000Z,easy
synthetic-learner-080,python-programming,python-programming-q-10,0,2026-01-04T17:09:00.000Z,hard
synthetic-learner-080,financial-accounting,financial-accounting-q-11,1,2026-01-04T17:10:00.000Z,easy
synthetic-learner-080,python-programming,python-programming-q-12,0,2026-01-04T17:11:00.000Z,hard
synthetic-learner-080,python-programming,python-programming-q-01,1,2026-01-04T17:12:00.000Z,hard
synthetic-learner-080,fractions,fractions-q-02,0,2026-01-04T17:13:00.000Z,easy
synthetic-learner-080,fractions,fractions-q-03,1,2026-01-04T17:14:00.000Z,medium
synthetic-learner-080,hindi-grammar,hindi-grammar-q-04,0,2026-01-04T17:15:00.000Z,easy
synthetic-learner-080,fractions,fractions-q-05,0,2026-01-04T17:16:00.000Z,hard
synthetic-learner-080,algebra,algebra-q-06,0,2026-01-04T17:17:00.000Z,hard
synthetic-learner-080,python-programming,python-programming-q-07,1,2026-01-04T17:18:00.000Z,hard
synthetic-learner-080,indian-constitution,indian-constitution-q-08,0,2026-01-04T17:19:00.000Z,hard
synthetic-learner-080,indian-constitution,indian-constitution-q-09,1,2026-01-04T17:20:00.000Z,medium
synthetic-learner-080,fractions,fractions-q-10,0,2026-01-04T17:21:00.000Z,hard
synthetic-learner-080,algebra,algebra-q-11,0,2026-01-04T17:22:00.000Z,easy
synthetic-learner-080,newton-laws,newton-laws-q-12,0,2026-01-04T17:23:00.000Z,easy
synthetic-learner-080,fractions,fractions-q-01,0,2026-01-04T17:24:00.000Z,hard
synthetic-learner-080,photosynthesis,photosynthesis-q-02,1,2026-01-04T17:25:00.000Z,easy
synthetic-learner-080,algebra,algebra-q-03,0,2026-01-04T17:26:00.000Z,medium
synthetic-learner-080,financial-accounting,financial-accounting-q-04,0,2026-01-04T17:27:00.000Z,hard
